TIME,RPM,TPS,Ponto_de_ignição,MAP,Posição_do_acelerador,Sonda_Geral,Alvo_do_malha_fechada,Sonda_Malha_Fechada,Correção_do_malha_fechada,2-step,Largada_validada,Marcha,Vazão_da_bancada_A,Fluxo_total_de_combustível,Ângulo_da_Fase_de_Injeção,Pressão_diferencial_de_combustível,Abertura_bicos_A,Tempo_de_Injeção_Banco_A,Temp._do_motor,Temp._do_Ar,Tensão_da_Bateria,Dwell_de_ignição,Eletroventilador_1_-_Enriquecimento,Pressão_de_Óleo,Pressão_de_Combustível,Nível_de_combustível,Partida_do_motor,Lenta,Primeiro_pulso_de_partida,Corte_-_Modo_de_Segurança,Sinal_de_sincronia_do_motor,Corte_na_desaceleração_(cutoff),Injeção_rápida_e_de_decaimento,Consumo_total,Consumo_medio,Consumo_instantâneo,Potência_estimada,Torque_estimado,Distância_total,Autonomia,Ajuste_ativo,Eletroventilador_1,Bomba_Combustível,Velocidade_de_tração,Velocidade_de_referência,Controle_de_tração_-_Slip,Controle_de_tração_-_Slip_rate,Delta_TPS,2-step_-_Botão,Injeção_rápida,Injeção_de_decaimento,Cutoff_de_injeção,Blip/Punta_taco,Controle_de_lenta,Injeção_pós_partida
0.010,1349,0.0,14.00,-0.14,0.0,1.086,0.000,1.089,0.00,OFF,OFF,0,4.1,4.1,390.49,3.11,4.20,3.770,70.3,29.7,12.87,2.80,0.0,0.99,2.97,0.0,OFF,ON,OFF,0,ON,OFF,0.000,18.20,0.1,0.0,8,43,3.5,0.0,1,OFF,ON,0.0,0.0,0.0,0,0.0,OFF,OFF,OFF,OFF,OFF,ON,ON
0.050,1437,0.0,14.00,-0.15,0.0,1.093,0.000,1.090,0.00,OFF,OFF,0,4.4,4.4,384.87,3.14,4.46,3.761,70.2,29.6,12.94,2.80,0.0,1.11,2.99,0.0,OFF,ON,OFF,0,ON,OFF,0.000,18.20,0.1,0.0,9,43,3.5,0.0,1,OFF,ON,0.0,0.0,0.0,0,0.0,OFF,OFF,OFF,OFF,OFF,ON,ON
0.090,1510,0.0,14.00,-0.15,0.0,1.087,0.000,1.091,0.00,OFF,OFF,0,4.4,4.4,383.97,3.13,4.51,3.760,70.3,29.6,12.95,2.80,0.0,1.15,2.98,0.0,OFF,ON,OFF,0,ON,OFF,0.000,18.20,0.1,0.0,9,43,3.5,0.0,1,OFF,ON,0.0,0.0,0.0,0,0.0,OFF,OFF,OFF,OFF,OFF,ON,ON
0.130,1510,0.0,14.00,-0.15,0.0,1.088,0.000,1.088,0.00,OFF,OFF,0,4.7,4.7,379.86,3.14,4.79,3.760,70.3,29.6,12.94,2.80,0.0,1.12,2.98,0.0,OFF,ON,OFF,0,ON,OFF,0.000,18.20,0.1,0.0,9,44,3.5,0.0,1,OFF,ON,0.0,0.0,0.0,0,0.0,OFF,OFF,OFF,OFF,OFF,ON,ON
0.170,1456,0.0,14.00,-0.15,0.0,1.088,0.000,1.089,0.00,OFF,OFF,0,4.4,4.4,384.12,3.13,4.51,3.760,70.2,29.6,12.95,2.80,0.0,1.14,2.98,0.0,OFF,ON,OFF,0,ON,OFF,0.000,18.20,0.1,0.0,9,43,3.5,0.0,1,OFF,ON,0.0,0.0,0.0,0,0.0,OFF,OFF,OFF,OFF,OFF,ON,ON
0.210,1531,0.0,14.00,-0.15,0.0,1.091,0.000,1.090,0.00,OFF,OFF,0,4.7,4.7,379.17,3.14,4.80,3.760,70.2,29.6,12.98,2.80,0.0,1.21,2.99,0.0,OFF,ON,OFF,0,ON,OFF,0.000,18.20,0.1,0.0,9,44,3.5,0.0,1,OFF,ON,0.0,0.0,0.0,0,0.0,OFF,OFF,OFF,OFF,OFF,ON,ON
0.250,1540,0.0,14.00,-0.15,0.0,1.093,0.000,1.090,0.00,OFF,OFF,0,4.8,4.8,377.34,3.12,4.88,3.769,70.3,29.5,12.91,2.80,0.0,1.12,2.97,0.0,OFF,ON,OFF,0,ON,OFF,0.000,18.20,0.1,0.0,9,44,3.5,0.0,1,OFF,ON,0.0,0.0,0.0,0,0.0,OFF,OFF,OFF,OFF,OFF,ON,ON
0.290,1387,0.0,14.00,-0.16,0.0,1.099,0.000,1.097,0.00,OFF,OFF,0,4.3,4.3,388.02,3.14,4.40,3.770,70.3,29.5,12.88,2.80,0.0,1.01,2.98,0.0,OFF,ON,OFF,0,ON,OFF,0.000,18.20,0.1,0.0,8,44,3.5,0.0,1,OFF,ON,0.0,0.0,0.0,0,0.0,OFF,OFF,OFF,OFF,OFF,ON,ON
0.330,1405,0.0,14.00,-0.16,0.0,1.104,0.000,1.101,0.00,OFF,OFF,0,4.3,4.3,386.98,3.13,4.42,3.761,70.3,29.5,12.95,2.80,0.0,1.11,2.98,0.0,OFF,ON,OFF,0,ON,OFF,0.000,18.20,0.1,0.0,8,44,3.5,0.0,1,OFF,ON,0.0,0.0,0.0,0,0.0,OFF,OFF,OFF,OFF,OFF,ON,ON
0.370,1632,0.0,14.00,-0.16,0.0,1.101,0.000,1.102,0.00,OFF,OFF,0,5.0,5.0,372.44,3.14,5.09,3.760,70.3,29.5,12.99,2.80,0.0,1.29,2.98,0.0,OFF,ON,OFF,0,ON,OFF,0.000,18.20,0.1,0.0,9,44,3.5,0.0,1,OFF,ON,0.0,0.0,0.0,0,0.0,OFF,OFF,OFF,OFF,OFF,ON,ON
0.410,1565,0.0,14.00,-0.16,0.0,1.113,0.000,1.112,0.00,OFF,OFF,0,4.8,4.8,376.67,3.13,4.90,3.760,70.3,29.5,12.95,2.80,0.0,1.17,2.97,0.0,OFF,ON,OFF,0,ON,OFF,0.000,18.20,0.1,0.0,9,44,3.5,0.0,1,OFF,ON,0.0,0.0,0.0,0,0.0,OFF,OFF,OFF,OFF,OFF,ON,ON
0.450,1513,0.0,14.00,-0.15,0.0,1.128,0.000,1.117,0.00,OFF,OFF,0,4.6,4.6,379.94,3.13,4.73,3.760,70.3,29.5,13.02,2.80,0.0,1.25,2.98,0.0,OFF,ON,OFF,0,ON,OFF,0.000,18.20,0.1,0.0,9,43,3.5,0.0,1,OFF,ON,0.0,0.0,0.0,0,0.0,OFF,OFF,OFF,OFF,OFF,ON,ON
0.490,1735,0.0,14.00,-0.16,0.0,1.132,0.000,1.134,0.00,OFF,OFF,0,5.4,5.4,366.08,3.13,5.47,3.760,70.3,29.5,13.00,2.80,0.0,1.34,2.97,0.0,OFF,ON,OFF,0,ON,OFF,0.000,18.20,0.1,0.0,11,44,3.5,0.0,1,OFF,ON,0.0,0.0,0.0,0,0.0,OFF,OFF,OFF,OFF,OFF,ON,ON
0.530,1636,0.0,14.00,-0.17,0.0,1.108,0.000,1.111,0.00,OFF,OFF,0,5.0,5.0,371.94,3.13,5.11,3.760,70.3,29.5,12.97,2.80,0.0,1.25,2.97,0.0,OFF,ON,OFF,0,ON,OFF,0.000,18.20,0.1,0.0,9,43,3.5,0.0,1,OFF,ON,0.0,0.0,0.0,0,0.0,OFF,OFF,OFF,OFF,OFF,ON,ON
0.570,1587,0.0,14.00,-0.17,0.0,1.103,0.000,1.105,0.00,OFF,OFF,0,4.9,4.9,375.29,3.14,5.01,3.760,70.3,29.5,13.01,2.80,0.0,1.30,2.97,0.0,OFF,ON,OFF,0,ON,OFF,0.000,18.20,0.1,0.0,9,44,3.5,0.0,1,OFF,ON,0.0,0.0,0.0,0,0.0,OFF,OFF,OFF,OFF,OFF,ON,ON
0.610,1692,0.0,14.00,-0.17,0.0,1.107,0.000,1.106,0.00,OFF,OFF,0,5.2,5.2,368.46,3.13,5.30,3.760,70.3,29.4,13.00,2.80,0.0,1.37,2.97,0.0,OFF,ON,OFF,0,ON,OFF,0.000,18.20,0.1,0.0,11,44,3.5,0.0,1,OFF,ON,0.0,0.0,0.0,0,0.0,OFF,OFF,OFF,OFF,OFF,ON,ON
0.650,1593,0.0,14.00,-0.16,0.0,1.121,0.000,1.115,0.00,OFF,OFF,0,4.9,4.9,374.04,3.13,5.04,3.760,70.3,29.4,12.98,2.80,0.0,1.22,2.97,0.0,OFF,ON,OFF,0,ON,OFF,0.000,18.20,0.1,0.0,9,44,3.5,0.0,1,OFF,ON,0.0,0.0,0.0,0,0.0,OFF,OFF,OFF,OFF,OFF,ON,ON
0.690,1519,0.0,14.00,-0.16,0.0,1.129,0.000,1.124,0.00,OFF,OFF,0,4.7,4.7,379.19,3.13,4.82,3.760,70.3,29.4,12.99,2.80,0.0,1.22,2.97,0.0,OFF,ON,OFF,0,ON,OFF,0.000,18.20,0.1,0.0,9,44,3.5,0.0,1,OFF,ON,0.0,0.0,0.0,0,0.0,OFF,OFF,OFF,OFF,OFF,ON,ON
0.730,1552,0.0,14.00,-0.15,0.0,1.122,0.000,1.125,0.00,OFF,OFF,0,4.8,4.8,377.79,3.13,4.89,3.760,70.3,29.4,12.98,2.80,0.0,1.19,2.98,0.0,OFF,ON,OFF,0,ON,OFF,0.000,18.20,0.1,0.0,9,44,3.5,0.0,1,OFF,ON,0.0,0.0,0.0,0,0.0,OFF,OFF,OFF,OFF,OFF,ON,ON
0.770,1456,0.0,14.00,-0.16,0.0,1.115,0.000,1.115,0.00,OFF,OFF,0,4.5,4.5,383.13,3.12,4.64,3.769,70.3,29.4,12.93,2.80,0.0,1.09,2.97,0.0,OFF,ON,OFF,0,ON,OFF,0.000,18.20,0.1,0.0,9,44,3.5,0.0,1,OFF,ON,0.0,0.0,0.0,0,0.0,OFF,OFF,OFF,OFF,OFF,ON,ON
0.810,1417,0.0,14.00,-0.16,0.0,1.117,0.000,1.116,0.00,OFF,OFF,0,4.3,4.3,385.91,3.14,4.42,3.735,70.3,29.3,12.96,2.80,0.0,1.06,2.98,0.0,OFF,ON,OFF,0,ON,OFF,0.000,18.20,0.1,0.0,8,43,3.5,0.0,1,OFF,ON,0.0,0.0,0.0,0,0.0,OFF,OFF,OFF,OFF,OFF,ON,ON
0.850,1501,0.0,14.00,-0.16,0.0,1.115,0.000,1.117,0.00,OFF,OFF,0,4.6,4.6,380.75,3.13,4.66,3.722,70.4,29.3,12.98,2.80,0.0,1.16,2.98,0.0,OFF,ON,OFF,0,ON,OFF,0.000,18.20,0.1,0.0,9,43,3.5,0.0,1,OFF,ON,0.0,0.0,0.0,0,0.0,OFF,OFF,OFF,OFF,OFF,ON,ON
0.890,1481,0.0,14.00,-0.16,0.0,1.118,0.000,1.114,0.00,OFF,OFF,0,4.5,4.5,382.03,3.14,4.61,3.730,70.4,29.3,12.97,2.80,0.0,1.12,2.98,0.0,OFF,ON,OFF,0,ON,OFF,0.000,18.20,0.1,0.0,9,43,3.5,0.0,1,OFF,ON,0.0,0.0,0.0,0,0.0,OFF,OFF,OFF,OFF,OFF,ON,ON
0.930,1463,0.0,14.00,-0.16,0.0,1.116,0.000,1.115,0.00,OFF,OFF,0,4.5,4.5,382.52,3.14,4.59,3.730,70.4,29.3,12.91,2.80,0.0,1.03,2.97,0.0,OFF,ON,OFF,0,ON,OFF,0.000,18.20,0.1,0.0,9,43,3.5,0.0,1,OFF,ON,0.0,0.0,0.0,0,0.0,OFF,OFF,OFF,OFF,OFF,ON,ON
0.970,1369,0.0,14.00,-0.15,0.0,1.112,0.000,1.112,0.00,OFF,OFF,0,4.1,4.1,389.90,3.13,4.20,3.730,70.4,29.3,12.96,2.80,0.0,1.05,2.98,0.0,OFF,ON,OFF,0,ON,OFF,0.000,18.20,0.1,0.0,8,43,3.5,0.0,1,OFF,ON,0.0,0.0,0.0,0,0.0,OFF,OFF,OFF,OFF,OFF,ON,ON
1.010,1463,0.0,14.00,-0.15,0.0,1.114,0.000,1.112,0.00,OFF,OFF,0,4.4,4.4,383.76,3.14,4.49,3.720,70.4,29.3,12.98,2.80,0.0,1.13,2.98,0.0,OFF,ON,OFF,0,ON,OFF,0.000,18.20,0.1,0.0,9,43,3.5,0.0,1,OFF,ON,0.0,0.0,0.0,0,0.0,OFF,OFF,OFF,OFF,OFF,ON,ON
1.050,1502,0.0,14.00,-0.15,0.0,1.121,0.000,1.116,0.00,OFF,OFF,0,4.6,4.6,380.57,3.13,4.69,3.730,70.4,29.3,12.92,2.80,0.0,1.05,2.98,0.0,OFF,ON,OFF,0,ON,OFF,0.000,18.20,0.1,0.0,9,43,3.5,0.0,1,OFF,ON,0.0,0.0,0.0,0,0.0,OFF,OFF,OFF,OFF,OFF,ON,ON
1.090,1337,0.0,14.00,-0.13,0.0,1.120,0.000,1.120,0.00,OFF,OFF,0,4.1,4.1,390.98,3.12,4.21,3.730,70.4,29.3,12.91,2.80,0.0,0.94,2.99,0.0,OFF,ON,OFF,0,ON,OFF,0.000,18.20,0.1,0.0,8,44,3.5,0.0,1,OFF,ON,0.0,0.0,0.0,0,0.0,OFF,OFF,OFF,OFF,OFF,ON,ON
1.130,1340,0.0,14.00,-0.14,0.0,1.121,0.000,1.124,0.00,OFF,OFF,0,4.1,4.1,391.10,3.12,4.20,3.730,70.4,29.3,12.99,2.80,0.0,1.03,2.98,0.0,OFF,ON,OFF,0,ON,OFF,0.000,18.20,0.1,0.0,8,44,3.5,0.0,1,OFF,ON,0.0,0.0,0.0,0,0.0,OFF,OFF,OFF,OFF,OFF,ON,ON
1.170,1534,0.0,14.00,-0.14,0.0,1.120,0.000,1.116,0.00,OFF,OFF,0,4.6,4.6,378.70,3.13,4.73,3.720,70.4,29.3,13.03,2.80,0.0,1.20,2.99,0.0,OFF,ON,OFF,0,ON,OFF,0.000,18.20,0.1,0.0,9,43,3.5,0.0,1,OFF,ON,0.0,0.0,0.0,0,0.0,OFF,OFF,OFF,OFF,OFF,ON,ON
1.210,1529,0.0,14.00,-0.15,0.0,1.131,0.000,1.124,0.00,OFF,OFF,0,4.7,4.7,377.28,3.12,4.79,3.721,70.4,29.3,13.00,2.80,0.0,1.15,2.97,0.0,OFF,ON,OFF,0,ON,OFF,0.000,18.20,0.1,0.0,9,43,3.5,0.0,1,OFF,ON,0.0,0.0,0.0,0,0.0,OFF,OFF,OFF,OFF,OFF,ON,ON
1.250,1419,0.0,14.00,-0.14,0.0,1.135,0.000,1.133,0.00,OFF,OFF,0,4.6,4.6,379.52,3.12,4.69,3.730,70.4,29.2,12.99,2.80,0.0,1.07,2.98,0.0,OFF,ON,OFF,0,ON,OFF,0.000,18.20,0.1,0.0,9,43,3.5,0.0,1,OFF,ON,0.0,0.0,0.0,0,0.0,OFF,OFF,OFF,OFF,OFF,ON,ON
1.290,1581,0.0,14.00,-0.14,0.0,1.135,0.000,1.135,0.00,OFF,OFF,0,4.3,4.3,386.57,3.12,4.42,3.721,70.4,29.2,13.04,2.80,0.0,1.19,2.98,0.0,OFF,ON,OFF,0,ON,OFF,0.000,18.20,0.1,0.0,8,44,3.5,0.0,1,OFF,ON,0.0,0.0,0.0,0,0.0,OFF,OFF,OFF,OFF,OFF,ON,ON
1.330,1683,0.0,14.00,-0.16,0.0,1.129,0.000,1.131,0.00,OFF,OFF,0,4.9,4.9,373.60,3.14,5.03,3.720,70.4,29.2,13.04,2.80,0.0,1.33,2.98,0.0,OFF,ON,OFF,0,ON,OFF,0.000,18.20,0.1,0.0,9,43,3.5,0.0,1,OFF,ON,0.0,0.0,0.0,0,0.0,OFF,OFF,OFF,OFF,OFF,ON,ON
1.370,1590,0.0,14.00,-0.16,0.0,1.132,0.000,1.130,0.00,OFF,OFF,0,5.1,5.1,369.41,3.13,5.25,3.720,70.4,29.2,13.02,2.80,0.0,1.25,2.97,0.0,OFF,ON,OFF,0,ON,OFF,0.000,18.20,0.1,0.0,11,43,3.5,0.0,1,OFF,ON,0.0,0.0,0.0,0,0.0,OFF,OFF,OFF,OFF,OFF,ON,ON
1.410,1677,0.0,14.00,-0.17,0.0,1.138,0.000,1.132,0.00,OFF,OFF,0,4.8,4.8,375.11,3.14,4.94,3.720,70.4,29.2,13.08,2.80,0.0,1.34,2.97,0.0,OFF,ON,OFF,0,ON,OFF,0.000,18.20,0.1,0.0,9,43,3.5,0.0,1,OFF,ON,0.0,0.0,0.0,0,0.0,OFF,OFF,OFF,OFF,OFF,ON,ON
1.450,1723,0.0,14.00,-0.16,0.0,1.132,0.000,1.139,0.00,OFF,OFF,0,5.2,5.2,366.80,3.13,5.29,3.720,70.4,29.2,13.08,2.80,0.0,1.36,2.97,0.0,OFF,ON,OFF,0,ON,OFF,0.000,18.20,0.1,0.0,11,43,3.5,0.0,1,OFF,ON,0.0,0.0,0.0,0,0.0,OFF,OFF,OFF,OFF,OFF,ON,ON
1.490,1628,0.0,14.00,-0.16,0.0,1.126,0.000,1.125,0.00,OFF,OFF,0,4.9,4.9,372.11,3.12,5.04,3.720,70.4,29.2,13.03,2.80,0.0,1.30,2.96,0.0,OFF,ON,OFF,0,ON,OFF,0.000,18.20,0.1,0.0,9,43,3.5,0.0,1,OFF,ON,0.0,0.0,0.0,0,0.0,OFF,OFF,OFF,OFF,OFF,ON,ON
1.530,1663,0.0,14.00,-0.17,0.0,1.130,0.000,1.128,0.00,OFF,OFF,0,5.1,5.1,370.47,3.14,5.19,3.720,70.4,29.2,13.06,2.80,0.0,1.32,2.97,0.0,OFF,ON,OFF,0,ON,OFF,0.000,18.20,0.1,0.0,11,44,3.5,0.0,1,OFF,ON,0.0,0.0,0.0,0,0.0,OFF,OFF,OFF,OFF,OFF,ON,ON
1.570,1646,0.0,14.00,-0.17,0.0,1.124,0.000,1.127,0.00,OFF,OFF,0,5.1,5.1,370.55,3.13,5.19,3.720,70.5,29.2,13.02,2.80,0.0,1.30,2.96,0.0,OFF,ON,OFF,0,ON,OFF,0.000,18.20,0.1,0.0,11,44,3.5,0.0,1,OFF,ON,0.0,0.0,0.0,0,0.0,OFF,OFF,OFF,OFF,OFF,ON,ON
1.610,1508,0.0,14.00,-0.17,0.0,1.122,0.000,1.123,0.00,OFF,OFF,0,5.0,5.0,372.68,3.14,5.05,3.720,70.5,29.1,13.01,2.80,0.0,1.18,2.97,0.0,OFF,ON,OFF,0,ON,OFF,0.000,18.20,0.1,0.0,9,43,3.5,0.0,1,OFF,ON,0.0,0.0,0.0,0,0.0,OFF,OFF,OFF,OFF,OFF,ON,ON
1.650,1535,0.0,14.00,-0.17,0.0,1.122,0.000,1.121,0.00,OFF,OFF,0,4.7,4.7,378.82,3.13,4.79,3.720,70.5,29.1,13.00,2.80,0.0,1.21,2.96,0.0,OFF,ON,OFF,0,ON,OFF,0.000,18.20,0.1,0.0,9,44,3.5,0.0,1,OFF,ON,0.0,0.0,0.0,0,0.0,OFF,OFF,OFF,OFF,OFF,ON,ON
1.690,1549,0.0,14.00,-0.17,0.0,1.116,0.000,1.118,0.00,OFF,OFF,0,4.7,4.7,377.72,3.14,4.80,3.720,70.5,29.1,13.02,2.80,0.0,1.21,2.97,0.0,OFF,ON,OFF,0,ON,OFF,0.000,18.20,0.1,0.0,9,43,3.5,0.0,1,OFF,ON,0.0,0.0,0.0,0,0.0,OFF,OFF,OFF,OFF,OFF,ON,ON
1.730,1532,0.0,14.00,-0.17,0.0,1.116,0.000,1.116,0.00,OFF,OFF,0,4.7,4.7,377.67,3.13,4.80,3.729,70.5,29.1,12.96,2.80,0.0,1.10,2.97,0.0,OFF,ON,OFF,0,ON,OFF,0.000,18.20,0.1,0.0,9,43,3.5,0.0,1,OFF,ON,0.0,0.0,0.0,0,0.0,OFF,OFF,OFF,OFF,OFF,ON,ON
1.770,1403,0.0,14.00,-0.15,0.0,1.123,0.000,1.121,0.00,OFF,OFF,0,4.2,4.2,387.28,3.13,4.32,3.729,70.5,29.1,12.99,2.80,0.0,1.05,2.98,0.0,OFF,ON,OFF,0,ON,OFF,0.000,18.20,0.1,0.0,8,43,3.5,0.0,1,OFF,ON,0.0,0.0,0.0,0,0.0,OFF,OFF,OFF,OFF,OFF,ON,ON
1.810,1476,0.0,14.00,-0.16,0.0,1.122,0.000,1.124,0.00,OFF,OFF,0,4.4,4.4,383.56,3.13,4.50,3.715,70.5,29.1,13.03,2.80,0.0,1.22,2.97,0.0,OFF,ON,OFF,0,ON,OFF,0.000,18.20,0.1,0.0,9,43,3.5,0.0,1,OFF,ON,0.0,0.0,0.0,0,0.0,OFF,OFF,OFF,OFF,OFF,ON,ON
1.850,1595,0.0,14.00,-0.17,0.0,1.130,0.000,1.130,0.00,OFF,OFF,0,4.8,4.8,374.90,3.14,4.89,3.680,70.5,29.1,13.03,2.80,0.0,1.22,2.98,0.0,OFF,ON,OFF,0,ON,OFF,0.000,18.20,0.1,0.0,9,43,3.5,0.0,1,OFF,ON,0.0,0.0,0.0,0,0.0,OFF,OFF,OFF,OFF,OFF,ON,ON
1.890,1500,0.0,14.00,-0.16,0.0,1.128,0.000,1.128,0.00,OFF,OFF,0,4.5,4.5,380.65,3.13,4.61,3.690,70.5,29.1,12.97,2.80,0.0,1.13,2.97,0.0,OFF,ON,OFF,0,ON,OFF,0.000,18.20,0.1,0.0,9,43,3.5,0.0,1,OFF,ON,0.0,0.0,0.0,0,0.0,OFF,OFF,OFF,OFF,OFF,ON,ON
1.930,1450,0.0,14.00,-0.16,0.0,1.129,0.000,1.131,0.00,OFF,OFF,0,4.3,4.3,384.21,3.14,4.41,3.689,70.5,29.0,13.04,2.80,0.0,1.17,2.98,0.0,OFF,ON,OFF,0,ON,OFF,0.000,18.20,0.1,0.0,8,42,3.5,0.0,1,OFF,ON,0.0,0.0,0.0,0,0.0,OFF,OFF,OFF,OFF,OFF,ON,ON
1.970,1639,0.0,14.00,-0.16,0.0,1.129,0.000,1.129,0.00,OFF,OFF,0,4.9,4.9,372.28,3.13,4.98,3.680,70.5,29.0,13.04,2.80,0.0,1.32,2.97,0.0,OFF,ON,OFF,0,ON,OFF,0.000,18.20,0.1,0.0,9,43,3.5,0.0,1,OFF,ON,0.0,0.0,0.0,0,0.0,OFF,OFF,OFF,OFF,OFF,ON,ON
2.010,1627,0.0,14.00,-0.16,0.0,1.132,0.000,1.130,0.00,OFF,OFF,0,4.9,4.9,372.51,3.14,5.00,3.680,70.5,29.0,13.04,2.80,0.0,1.24,2.98,0.0,OFF,ON,OFF,0,ON,OFF,0.000,18.20,0.1,0.0,9,43,3.5,0.0,1,OFF,ON,0.0,0.0,0.0,0,0.0,OFF,OFF,OFF,OFF,OFF,ON,ON
2.050,1484,0.0,14.00,-0.16,0.0,1.131,0.000,1.134,0.00,OFF,OFF,0,4.5,4.5,381.01,3.13,4.57,3.680,70.5,29.0,13.04,2.80,0.0,1.19,2.97,0.0,OFF,ON,OFF,0,ON,OFF,0.000,18.20,0.1,0.0,9,42,3.5,0.0,1,OFF,ON,0.0,0.0,0.0,0,0.0,OFF,OFF,OFF,OFF,OFF,ON,ON
2.090,1613,0.0,14.00,-0.15,0.0,1.130,0.000,1.132,0.00,OFF,OFF,0,4.9,4.9,374.63,3.13,4.90,3.680,70.5,29.0,13.08,2.80,0.0,1.30,2.98,0.0,OFF,ON,OFF,0,ON,OFF,0.000,18.20,0.1,0.0,9,43,3.5,0.0,1,OFF,ON,0.0,0.0,0.0,0,0.0,OFF,OFF,OFF,OFF,OFF,ON,ON
2.130,1625,0.0,14.00,-0.16,0.0,1.131,0.000,1.127,0.00,OFF,OFF,0,4.9,4.9,372.86,3.13,5.00,3.680,70.5,29.0,13.06,2.80,0.0,1.28,2.97,0.0,OFF,ON,OFF,0,ON,OFF,0.000,18.20,0.1,0.0,9,43,3.5,0.0,1,OFF,ON,0.0,0.0,0.0,0,0.0,OFF,OFF,OFF,OFF,OFF,ON,ON
2.170,1559,0.0,14.00,-0.15,0.0,1.135,0.000,1.140,0.00,OFF,OFF,0,4.7,4.7,376.99,3.13,4.81,3.680,70.5,29.0,13.05,2.80,0.0,1.19,2.98,0.0,OFF,ON,OFF,0,ON,OFF,0.000,18.20,0.1,0.0,9,43,3.5,0.0,1,OFF,ON,0.0,0.0,0.0,0,0.0,OFF,OFF,OFF,OFF,OFF,ON,ON
2.210,1522,0.0,14.00,-0.15,0.0,1.135,0.000,1.134,0.00,OFF,OFF,0,4.6,4.6,379.41,3.13,4.70,3.680,70.5,29.0,13.05,2.80,0.0,1.19,2.98,0.0,OFF,ON,OFF,0,ON,OFF,0.000,18.20,0.1,0.0,9,43,3.5,0.0,1,OFF,ON,0.0,0.0,0.0,0,0.0,OFF,OFF,OFF,OFF,OFF,ON,ON
2.250,1558,0.0,14.00,-0.16,0.0,1.137,0.000,1.139,0.00,OFF,OFF,0,4.7,4.7,377.17,3.14,4.80,3.680,70.5,28.9,13.04,2.80,0.0,1.19,2.98,0.0,OFF,ON,OFF,0,ON,OFF,0.000,18.20,0.1,0.0,9,43,3.5,0.0,1,OFF,ON,0.0,0.0,0.0,0,0.0,OFF,OFF,OFF,OFF,OFF,ON,ON
2.290,1483,0.0,14.00,-0.15,0.0,1.137,0.000,1.137,0.00,OFF,OFF,0,4.7,4.7,377.70,3.13,4.76,3.680,70.5,28.9,13.01,2.80,0.0,1.12,2.98,0.0,OFF,ON,OFF,0,ON,OFF,0.000,18.20,0.1,0.0,9,43,3.5,0.0,1,OFF,ON,0.0,0.0,0.0,0,0.0,OFF,OFF,OFF,OFF,OFF,ON,ON
2.330,1466,0.0,14.00,-0.15,0.0,1.139,0.000,1.139,0.00,OFF,OFF,0,4.5,4.5,382.22,3.13,4.50,3.680,70.5,28.9,13.04,2.80,0.0,1.12,2.98,0.0,OFF,ON,OFF,0,ON,OFF,0.000,18.20,0.1,0.0,9,43,3.5,0.0,1,OFF,ON,0.0,0.0,0.0,0,0.0,OFF,OFF,OFF,OFF,OFF,ON,ON
2.370,1548,0.0,14.00,-0.15,0.0,1.131,0.000,1.141,0.00,OFF,OFF,0,4.4,4.4,382.46,3.14,4.54,3.680,70.5,28.9,13.06,2.80,0.0,1.19,2.98,0.0,OFF,ON,OFF,0,ON,OFF,0.000,18.20,0.1,0.0,9,43,3.5,0.0,1,OFF,ON,0.0,0.0,0.0,0,0.0,OFF,OFF,OFF,OFF,OFF,ON,ON
2.410,1489,0.0,14.00,-0.16,0.0,1.123,0.000,1.124,0.00,OFF,OFF,0,4.7,4.7,377.73,3.14,4.76,3.680,70.5,28.9,13.02,2.80,0.0,1.14,2.98,0.0,OFF,ON,OFF,0,ON,OFF,0.000,18.20,0.1,0.0,9,43,3.5,0.0,1,OFF,ON,0.0,0.0,0.0,0,0.0,OFF,OFF,OFF,OFF,OFF,ON,ON
2.450,1469,0.0,14.00,-0.14,0.0,1.118,0.000,1.120,0.00,OFF,OFF,0,4.4,4.4,382.85,3.13,4.48,3.689,70.5,28.9,13.01,2.80,0.0,1.05,2.98,0.0,OFF,ON,OFF,0,ON,OFF,0.000,18.20,0.1,0.0,9,42,3.5,0.0,1,OFF,ON,0.0,0.0,0.0,0,0.0,OFF,OFF,OFF,OFF,OFF,ON,ON
2.490,1414,0.0,14.00,-0.14,0.0,1.131,0.000,1.125,0.00,OFF,OFF,0,4.3,4.3,386.38,3.13,4.36,3.680,70.5,28.9,13.08,2.80,0.0,1.15,2.99,0.0,OFF,ON,OFF,0,ON,OFF,0.000,18.20,0.1,0.0,8,43,3.5,0.0,1,OFF,ON,0.0,0.0,0.0,0,0.0,OFF,OFF,OFF,OFF,OFF,ON,ON
2.530,1573,0.0,14.00,-0.16,0.0,1.143,0.000,1.133,0.00,OFF,OFF,0,4.7,4.7,376.28,3.14,4.82,3.680,70.5,28.9,13.08,2.80,0.0,1.29,2.98,0.0,OFF,ON,OFF,0,ON,OFF,0.000,18.20,0.1,0.0,9,43,3.5,0.0,1,OFF,ON,0.0,0.0,0.0,0,0.0,OFF,OFF,OFF,OFF,OFF,ON,ON
2.570,1627,0.0,14.00,-0.16,0.0,1.143,0.000,1.147,0.00,OFF,OFF,0,5.0,5.0,371.68,3.13,5.00,3.680,70.5,28.9,13.05,2.80,0.0,1.19,2.97,0.0,OFF,ON,OFF,0,ON,OFF,0.000,18.20,0.1,0.0,9,43,3.5,0.0,1,OFF,ON,0.0,0.0,0.0,0,0.0,OFF,OFF,OFF,OFF,OFF,ON,ON
2.610,1498,0.0,14.00,-0.16,0.0,1.139,0.000,1.138,0.00,OFF,OFF,0,4.5,4.5,381.27,3.14,4.61,3.680,70.5,28.9,13.06,2.80,0.0,1.17,2.98,0.0,OFF,ON,OFF,0,ON,OFF,0.000,18.20,0.1,0.0,9,43,3.5,0.0,1,OFF,ON,0.0,0.0,0.0,0,0.0,OFF,OFF,OFF,OFF,OFF,ON,ON
2.650,1579,0.0,14.00,-0.17,0.0,1.153,0.000,1.148,0.00,OFF,OFF,0,4.7,4.7,376.56,3.14,4.80,3.680,70.5,28.9,13.10,2.80,0.0,1.28,2.97,0.0,OFF,ON,OFF,0,ON,OFF,0.000,18.20,0.1,0.0,9,43,3.5,0.0,1,OFF,ON,0.0,0.0,0.0,0,0.0,OFF,OFF,OFF,OFF,OFF,ON,ON
2.690,1659,0.0,14.00,-0.17,0.0,1.153,0.000,1.152,0.00,OFF,OFF,0,5.0,5.0,370.30,3.14,5.09,3.680,70.5,28.9,13.09,2.80,0.0,1.29,2.98,0.0,OFF,ON,OFF,0,ON,OFF,0.000,18.20,0.1,0.0,9,43,3.5,0.0,1,OFF,ON,0.0,0.0,0.0,0,0.0,OFF,OFF,OFF,OFF,OFF,ON,ON
2.730,1581,0.0,14.00,-0.16,0.0,1.146,0.000,1.149,0.00,OFF,OFF,0,4.8,4.8,375.30,3.13,4.90,3.680,70.6,28.9,13.07,2.80,0.0,1.19,2.97,0.0,OFF,ON,OFF,0,ON,OFF,0.000,18.20,0.1,0.0,9,43,3.5,0.0,1,OFF,ON,0.0,0.0,0.0,0,0.0,OFF,OFF,OFF,OFF,OFF,ON,ON
2.770,1520,0.0,14.00,-0.16,0.0,1.142,0.000,1.142,0.00,OFF,OFF,0,4.6,4.6,379.57,3.14,4.70,3.680,70.6,28.8,13.10,2.80,0.0,1.22,2.98,0.0,OFF,ON,OFF,0,ON,OFF,0.000,18.20,0.1,0.0,9,43,3.5,0.0,1,OFF,ON,0.0,0.0,0.0,0,0.0,OFF,OFF,OFF,OFF,OFF,ON,ON
2.810,1568,0.0,14.00,-0.15,0.0,1.144,0.000,1.143,0.00,OFF,OFF,0,4.7,4.7,376.33,3.12,4.80,3.679,70.6,28.8,13.07,2.80,0.0,1.18,2.97,0.0,OFF,ON,OFF,0,ON,OFF,0.000,18.20,0.1,0.0,9,43,3.5,0.0,1,OFF,ON,0.0,0.0,0.0,0,0.0,OFF,OFF,OFF,OFF,OFF,ON,ON
2.850,1477,0.0,14.00,-0.15,0.0,1.143,0.000,1.142,0.00,OFF,OFF,0,4.4,4.4,381.66,3.14,4.54,3.650,70.6,28.8,13.06,2.80,0.0,1.12,2.98,0.0,OFF,ON,OFF,0,ON,OFF,0.000,18.20,0.1,0.0,9,42,3.5,0.0,1,OFF,ON,0.0,0.0,0.0,0,0.0,OFF,OFF,OFF,OFF,OFF,ON,ON
2.890,1489,0.0,14.00,-0.15,0.0,1.145,0.000,1.143,0.00,OFF,OFF,0,4.4,4.4,381.86,3.13,4.50,3.640,70.6,28.8,13.10,2.80,0.0,1.19,2.98,0.0,OFF,ON,OFF,0,ON,OFF,0.000,18.20,0.1,0.0,9,42,3.5,0.0,1,OFF,ON,0.0,0.0,0.0,0,0.0,OFF,OFF,OFF,OFF,OFF,ON,ON
2.930,1590,0.0,14.00,-0.15,0.0,1.139,0.000,1.141,0.00,OFF,OFF,0,4.7,4.7,375.92,3.13,4.76,3.640,70.6,28.8,13.11,2.80,0.0,1.25,2.98,0.0,OFF,ON,OFF,0,ON,OFF,0.000,18.20,0.1,0.0,9,42,3.5,0.0,1,OFF,ON,0.0,0.0,0.0,0,0.0,OFF,OFF,OFF,OFF,OFF,ON,ON
2.970,1539,0.0,14.00,-0.15,0.0,1.139,0.000,1.139,0.00,OFF,OFF,0,4.6,4.6,378.10,3.12,4.71,3.640,70.6,28.8,13.06,2.80,0.0,1.15,2.97,0.0,OFF,ON,OFF,0,ON,OFF,0.000,18.20,0.1,0.0,9,43,3.5,0.0,1,OFF,ON,0.0,0.0,0.0,0,0.0,OFF,OFF,OFF,OFF,OFF,ON,ON
3.010,1481,0.0,14.00,-0.15,0.0,1.135,0.000,1.133,0.00,OFF,OFF,0,4.4,4.4,381.76,3.13,4.53,3.641,70.6,28.8,13.10,2.80,0.0,1.16,2.99,0.0,OFF,ON,OFF,0,ON,OFF,0.000,18.20,0.1,0.0,9,42,3.5,0.0,1,OFF,ON,0.0,0.0,0.0,0,0.0,OFF,OFF,OFF,OFF,OFF,ON,ON
3.050,1655,0.0,14.00,-0.16,0.0,1.139,0.000,1.139,0.00,OFF,OFF,0,4.9,4.9,371.04,3.13,4.99,3.640,70.6,28.8,13.11,2.80,0.0,1.33,2.98,0.0,OFF,ON,OFF,0,ON,OFF,0.000,18.20,0.1,0.0,9,42,3.5,0.0,1,OFF,ON,0.0,0.0,0.0,0,0.0,OFF,OFF,OFF,OFF,OFF,ON,ON
3.090,1649,0.0,14.00,-0.17,0.0,1.137,0.000,1.134,0.00,OFF,OFF,0,4.9,4.9,371.43,3.15,5.00,3.640,70.6,28.8,13.11,2.80,0.0,1.30,2.98,0.0,OFF,ON,OFF,0,ON,OFF,0.000,18.20,0.1,0.0,9,42,3.5,0.0,1,OFF,ON,0.0,0.0,0.0,0,0.0,OFF,OFF,OFF,OFF,OFF,ON,ON
3.130,1549,0.0,14.00,-0.17,0.0,1.134,0.000,1.135,0.00,OFF,OFF,0,4.6,4.6,377.80,3.13,4.71,3.640,70.6,28.8,13.09,2.80,0.0,1.25,2.97,0.0,OFF,ON,OFF,0,ON,OFF,0.000,18.20,0.1,0.0,9,42,3.5,0.0,1,OFF,ON,0.0,0.0,0.0,0,0.0,OFF,OFF,OFF,OFF,OFF,ON,ON
3.170,1639,0.0,14.00,-0.17,0.0,1.135,0.000,1.135,0.00,OFF,OFF,0,4.9,4.9,372.55,3.15,4.96,3.640,70.6,28.7,13.12,2.80,0.0,1.30,2.98,0.0,OFF,ON,OFF,0,ON,OFF,0.000,18.20,0.1,0.0,9,42,3.5,0.0,1,OFF,ON,0.0,0.0,0.0,0,0.0,OFF,OFF,OFF,OFF,OFF,ON,ON
3.210,1582,0.0,14.00,-0.17,0.0,1.137,0.000,1.136,0.00,OFF,OFF,0,4.7,4.7,375.32,3.14,4.82,3.649,70.6,28.7,13.10,2.80,0.0,1.26,2.97,0.0,OFF,ON,OFF,0,ON,OFF,0.000,18.20,0.1,0.0,9,42,3.5,0.0,1,OFF,ON,0.0,0.0,0.0,0,0.0,OFF,OFF,OFF,OFF,OFF,ON,ON
3.250,1559,0.0,14.00,-0.16,0.0,1.145,0.000,1.139,0.00,OFF,OFF,0,4.6,4.6,377.02,3.14,4.71,3.640,70.6,28.7,13.14,2.80,0.0,1.25,2.98,0.0,OFF,ON,OFF,0,ON,OFF,0.000,18.20,0.1,0.0,9,42,3.5,0.0,1,OFF,ON,0.0,0.0,0.0,0,0.0,OFF,OFF,OFF,OFF,OFF,ON,ON
3.290,1626,0.0,14.00,-0.16,0.0,1.140,0.000,1.145,0.00,OFF,OFF,0,4.8,4.8,373.27,3.13,4.87,3.640,70.6,28.7,13.12,2.80,0.0,1.29,2.97,0.0,OFF,ON,OFF,0,ON,OFF,0.000,18.20,0.1,0.0,9,42,3.5,0.0,1,OFF,ON,0.0,0.0,0.0,0,0.0,OFF,OFF,OFF,OFF,OFF,ON,ON
3.330,1562,0.0,14.00,-0.16,0.0,1.141,0.000,1.140,0.00,OFF,OFF,0,4.7,4.7,376.97,3.13,4.71,3.650,70.6,28.7,13.07,2.80,0.0,1.19,2.98,0.0,OFF,ON,OFF,0,ON,OFF,0.000,18.20,0.1,0.0,9,43,3.5,0.0,1,OFF,ON,0.0,0.0,0.0,0,0.0,OFF,OFF,OFF,OFF,OFF,ON,ON
3.370,1554,0.0,14.00,-0.15,0.0,1.143,0.000,1.143,0.00,OFF,OFF,0,4.7,4.7,377.15,3.13,4.70,3.649,70.6,28.7,13.10,2.80,0.0,1.22,2.97,0.0,OFF,ON,OFF,0,ON,OFF,0.000,18.20,0.1,0.0,9,43,3.5,0.0,1,OFF,ON,0.0,0.0,0.0,0,0.0,OFF,OFF,OFF,OFF,OFF,ON,ON
3.410,1639,0.0,14.00,-0.16,0.0,1.151,0.000,1.150,0.00,OFF,OFF,0,4.6,4.6,376.81,3.14,4.74,3.640,70.6,28.7,13.11,2.80,0.0,1.30,2.98,0.0,OFF,ON,OFF,0,ON,OFF,0.000,18.20,0.1,0.0,9,42,3.5,0.0,1,OFF,ON,0.0,0.0,0.0,0,0.0,OFF,OFF,OFF,OFF,OFF,ON,ON
3.450,1609,0.0,14.00,-0.17,0.0,1.153,0.000,1.151,0.00,OFF,OFF,0,4.9,4.9,372.08,3.14,4.99,3.640,70.6,28.7,13.10,2.80,0.0,1.28,2.98,0.0,OFF,ON,OFF,0,ON,OFF,0.000,18.20,0.1,0.0,9,42,3.5,0.0,1,OFF,ON,0.0,0.0,0.0,0,0.0,OFF,OFF,OFF,OFF,OFF,ON,ON
3.490,1571,0.0,14.00,-0.17,0.0,1.150,0.000,1.151,0.00,OFF,OFF,0,4.8,4.8,374.29,3.14,4.89,3.640,70.6,28.7,13.10,2.80,0.0,1.22,2.97,0.0,OFF,ON,OFF,0,ON,OFF,0.000,18.20,0.1,0.0,9,43,3.5,0.0,1,OFF,ON,0.0,0.0,0.0,0,0.0,OFF,OFF,OFF,OFF,OFF,ON,ON
3.530,1646,0.0,14.00,-0.16,0.0,1.142,0.000,1.149,0.00,OFF,OFF,0,4.9,4.9,372.02,3.14,4.98,3.640,70.6,28.7,13.12,2.80,0.0,1.32,2.97,0.0,OFF,ON,OFF,0,ON,OFF,0.000,18.20,0.1,0.0,9,42,3.5,0.0,1,OFF,ON,0.0,0.0,0.0,0,0.0,OFF,OFF,OFF,OFF,OFF,ON,ON
3.570,1554,0.0,14.00,-0.16,0.0,1.150,0.000,1.148,0.00,OFF,OFF,0,4.6,4.6,376.85,3.13,4.74,3.649,70.6,28.7,13.08,2.80,0.0,1.21,2.97,0.0,OFF,ON,OFF,0,ON,OFF,0.000,18.20,0.1,0.0,9,42,3.5,0.0,1,OFF,ON,0.0,0.0,0.0,0,0.0,OFF,OFF,OFF,OFF,OFF,ON,ON
3.610,1549,0.0,14.00,-0.15,0.0,1.150,0.000,1.155,0.00,OFF,OFF,0,4.6,4.6,377.76,3.14,4.70,3.641,70.6,28.7,13.12,2.80,0.0,1.23,2.98,0.0,OFF,ON,OFF,0,ON,OFF,0.000,18.20,0.1,0.0,9,42,3.5,0.0,1,OFF,ON,0.0,0.0,0.0,0,0.0,OFF,OFF,OFF,OFF,OFF,ON,ON
3.650,1625,0.0,14.00,-0.15,0.0,1.153,0.000,1.151,0.00,OFF,OFF,0,4.8,4.8,373.41,3.13,4.88,3.640,70.6,28.6,13.12,2.80,0.0,1.27,2.98,0.0,OFF,ON,OFF,0,ON,OFF,0.000,18.20,0.1,0.0,9,42,3.5,0.0,1,OFF,ON,0.0,0.0,0.0,0,0.0,OFF,OFF,OFF,OFF,OFF,ON,ON
3.690,1560,0.0,14.00,-0.16,0.0,1.153,0.000,1.157,0.00,OFF,OFF,0,4.8,4.8,373.38,3.14,4.88,3.640,70.6,28.6,13.11,2.80,0.0,1.23,2.98,0.0,OFF,ON,OFF,0,ON,OFF,0.000,18.20,0.1,0.0,9,42,3.5,0.0,1,OFF,ON,0.0,0.0,0.0,0,0.0,OFF,OFF,OFF,OFF,OFF,ON,ON
3.730,1483,0.0,14.00,-0.15,0.0,1.148,0.000,1.148,0.00,OFF,OFF,0,4.6,4.6,378.19,3.13,4.68,3.649,70.6,28.6,13.09,2.80,0.0,1.13,2.98,0.0,OFF,ON,OFF,0,ON,OFF,0.000,18.20,0.1,0.0,9,42,3.5,0.0,1,OFF,ON,0.0,0.0,0.0,0,0.0,OFF,OFF,OFF,OFF,OFF,ON,ON
3.770,1613,0.0,14.00,-0.15,0.0,1.150,0.000,1.150,0.00,OFF,OFF,0,4.5,4.5,381.37,3.14,4.56,3.640,70.6,28.6,13.15,2.80,0.0,1.28,2.99,0.0,OFF,ON,OFF,0,ON,OFF,0.000,18.20,0.1,0.0,9,43,3.5,0.0,1,OFF,ON,0.0,0.0,0.0,0,0.0,OFF,OFF,OFF,OFF,OFF,ON,ON
3.810,1596,0.0,14.00,-0.16,0.0,1.152,0.000,1.153,0.00,OFF,OFF,0,4.9,4.9,372.83,3.14,4.97,3.636,70.6,28.6,13.10,2.80,0.0,1.25,2.97,0.0,OFF,ON,OFF,0,ON,OFF,0.000,18.20,0.1,0.0,9,43,3.5,0.0,1,OFF,ON,0.0,0.0,0.0,0,0.0,OFF,OFF,OFF,OFF,OFF,ON,ON
3.850,1584,0.0,14.00,-0.16,0.0,1.154,0.000,1.156,0.00,OFF,OFF,0,4.7,4.7,375.55,3.14,4.78,3.610,70.6,28.6,13.11,2.80,0.0,1.20,2.98,0.0,OFF,ON,OFF,0,ON,OFF,0.000,18.20,0.1,0.0,9,42,3.5,0.0,1,OFF,ON,0.0,0.0,0.0,0,0.0,OFF,OFF,OFF,OFF,OFF,ON,ON
3.890,1536,0.0,14.00,-0.16,0.0,1.151,0.000,1.153,0.00,OFF,OFF,0,4.5,4.5,378.88,3.14,4.60,3.610,70.6,28.6,13.10,2.80,0.0,1.21,2.97,0.0,OFF,ON,OFF,0,ON,OFF,0.000,18.20,0.1,0.0,9,42,3.5,0.0,1,OFF,ON,0.0,0.0,0.0,0,0.0,OFF,OFF,OFF,OFF,OFF,ON,ON
3.930,1565,0.0,14.00,-0.17,0.0,1.149,0.000,1.149,0.00,OFF,OFF,0,4.6,4.6,376.62,3.15,4.69,3.610,70.6,28.6,13.11,2.80,0.0,1.23,2.98,0.0,OFF,ON,OFF,0,ON,OFF,0.000,18.20,0.1,0.0,9,42,3.5,0.0,1,OFF,ON,0.0,0.0,0.0,0,0.0,OFF,OFF,OFF,OFF,OFF,ON,ON
3.970,1535,0.0,14.00,-0.16,0.0,1.146,0.000,1.147,0.00,OFF,OFF,0,4.5,4.5,378.37,3.14,4.60,3.610,70.6,28.6,13.07,2.80,0.0,1.15,2.97,0.0,OFF,ON,OFF,0,ON,OFF,0.000,18.20,0.1,0.0,9,42,3.5,0.0,1,OFF,ON,0.0,0.0,0.0,0,0.0,OFF,OFF,OFF,OFF,OFF,ON,ON
4.010,1507,0.0,14.00,-0.16,0.0,1.151,0.000,1.151,0.00,OFF,OFF,0,4.4,4.4,380.99,3.15,4.51,3.610,70.7,28.6,13.12,2.80,0.0,1.22,2.98,0.0,OFF,ON,OFF,0,ON,OFF,0.000,18.20,0.1,0.0,9,42,3.5,0.0,1,OFF,ON,0.0,0.0,0.0,0,0.0,OFF,OFF,OFF,OFF,OFF,ON,ON
4.050,1597,0.0,14.00,-0.16,0.0,1.152,0.000,1.150,0.00,OFF,OFF,0,4.7,4.7,374.81,3.14,4.80,3.610,70.7,28.6,13.13,2.80,0.0,1.28,2.98,0.0,OFF,ON,OFF,0,ON,OFF,0.000,18.20,0.1,0.0,9,42,3.5,0.0,1,OFF,ON,0.0,0.0,0.0,0,0.0,OFF,OFF,OFF,OFF,OFF,ON,ON
4.090,1600,0.0,14.00,-0.16,0.0,1.152,0.000,1.152,0.00,OFF,OFF,0,4.8,4.8,373.90,3.14,4.79,3.610,70.7,28.6,13.12,2.80,0.0,1.22,2.98,0.0,OFF,ON,OFF,0,ON,OFF,0.000,18.20,0.1,0.0,9,42,3.5,0.0,1,OFF,ON,0.0,0.0,0.0,0,0.0,OFF,OFF,OFF,OFF,OFF,ON,ON
4.130,1519,0.0,14.00,-0.15,0.0,1.148,0.000,1.148,0.00,OFF,OFF,0,4.5,4.5,380.02,3.13,4.51,3.610,70.7,28.6,13.13,2.80,0.0,1.19,2.97,0.0,OFF,ON,OFF,0,ON,OFF,0.000,18.20,0.1,0.0,9,42,3.5,0.0,1,OFF,ON,0.0,0.0,0.0,0,0.0,OFF,OFF,OFF,OFF,OFF,ON,ON
4.170,1579,0.0,14.00,-0.15,0.0,1.152,0.000,1.149,0.00,OFF,OFF,0,4.7,4.7,375.67,3.13,4.71,3.601,70.7,28.6,13.14,2.80,0.0,1.22,2.98,0.0,OFF,ON,OFF,0,ON,OFF,0.000,18.20,0.1,0.0,9,42,3.5,0.0,1,OFF,ON,0.0,0.0,0.0,0,0.0,OFF,OFF,OFF,OFF,OFF,ON,ON
4.210,1559,0.0,14.00,-0.15,0.0,1.150,0.000,1.151,0.00,OFF,OFF,0,4.6,4.6,377.02,3.13,4.70,3.610,70.7,28.6,13.12,2.80,0.0,1.18,2.97,0.0,OFF,ON,OFF,0,ON,OFF,0.000,18.20,0.1,0.0,9,42,3.5,0.0,1,OFF,ON,0.0,0.0,0.0,0,0.0,OFF,OFF,OFF,OFF,OFF,ON,ON
4.250,1498,0.0,14.00,-0.15,0.0,1.158,0.000,1.154,0.00,OFF,OFF,0,4.4,4.4,380.97,3.13,4.51,3.610,70.7,28.6,13.13,2.80,0.0,1.14,2.98,0.0,OFF,ON,OFF,0,ON,OFF,0.000,18.20,0.1,0.0,9,42,3.5,0.0,1,OFF,ON,0.0,0.0,0.0,0,0.0,OFF,OFF,OFF,OFF,OFF,ON,ON
4.290,1531,0.0,14.00,-0.15,0.0,1.152,0.000,1.155,0.00,OFF,OFF,0,4.5,4.5,379.04,3.13,4.60,3.610,70.7,28.6,13.14,2.80,0.0,1.18,2.98,0.0,OFF,ON,OFF,0,ON,OFF,0.000,18.20,0.1,0.0,9,42,3.5,0.0,1,OFF,ON,0.0,0.0,0.0,0,0.0,OFF,OFF,OFF,OFF,OFF,ON,ON
4.330,1581,0.0,14.00,-0.16,0.0,1.161,0.000,1.159,0.00,OFF,OFF,0,4.7,4.7,375.64,3.14,4.79,3.601,70.7,28.6,13.12,2.80,0.0,1.20,2.98,0.0,OFF,ON,OFF,0,ON,OFF,0.000,18.20,0.1,0.0,9,42,3.5,0.0,1,OFF,ON,0.0,0.0,0.0,0,0.0,OFF,OFF,OFF,OFF,OFF,ON,ON
4.370,1508,0.0,14.00,-0.15,0.0,1.159,0.000,1.157,0.00,OFF,OFF,0,4.4,4.4,380.25,3.13,4.51,3.610,70.7,28.5,13.12,2.80,0.0,1.15,2.98,0.0,OFF,ON,OFF,0,ON,OFF,0.000,18.20,0.1,0.0,9,42,3.5,0.0,1,OFF,ON,0.0,0.0,0.0,0,0.0,OFF,OFF,OFF,OFF,OFF,ON,ON
4.410,1534,0.0,14.00,-0.16,0.0,1.165,0.000,1.165,0.00,OFF,OFF,0,4.5,4.5,378.75,3.14,4.60,3.600,70.7,28.5,13.16,2.80,0.0,1.24,2.98,0.0,OFF,ON,OFF,0,ON,OFF,0.000,18.20,0.1,0.0,9,42,3.5,0.0,1,OFF,ON,0.0,0.0,0.0,0,0.0,OFF,OFF,OFF,OFF,OFF,ON,ON
4.450,1630,0.0,14.00,-0.17,0.0,1.162,0.000,1.164,0.00,OFF,OFF,0,4.5,4.5,377.95,3.15,4.64,3.600,70.7,28.5,13.15,2.80,0.0,1.27,2.98,0.0,OFF,ON,OFF,0,ON,OFF,0.000,18.20,0.1,0.0,9,42,3.5,0.0,1,OFF,ON,0.0,0.0,0.0,0,0.0,OFF,OFF,OFF,OFF,OFF,ON,ON
4.490,1568,0.0,14.00,-0.17,0.0,1.159,0.000,1.159,0.00,OFF,OFF,0,4.6,4.6,376.19,3.14,4.72,3.609,70.7,28.5,13.13,2.80,0.0,1.19,2.97,0.0,OFF,ON,OFF,0,ON,OFF,0.000,18.20,0.1,0.0,9,42,3.5,0.0,1,OFF,ON,0.0,0.0,0.0,0,0.0,OFF,OFF,OFF,OFF,OFF,ON,ON
4.530,1602,0.0,14.00,-0.17,0.0,1.154,0.000,1.153,0.00,OFF,OFF,0,4.7,4.7,374.58,3.14,4.79,3.601,70.7,28.5,13.16,2.80,0.0,1.28,2.98,0.0,OFF,ON,OFF,0,ON,OFF,0.000,18.20,0.1,0.0,9,42,3.5,0.0,1,OFF,ON,0.0,0.0,0.0,0,0.0,OFF,OFF,OFF,OFF,OFF,ON,ON
4.570,1638,0.0,14.00,-0.16,0.0,1.162,0.000,1.159,0.00,OFF,OFF,0,4.8,4.8,372.28,3.13,4.89,3.600,70.7,28.5,13.17,2.80,0.0,1.30,2.98,0.0,OFF,ON,OFF,0,ON,OFF,0.000,18.20,0.1,0.0,9,42,3.5,0.0,1,OFF,ON,0.0,0.0,0.0,0,0.0,OFF,OFF,OFF,OFF,OFF,ON,ON
4.610,1601,0.0,14.00,-0.15,0.0,1.159,0.000,1.157,0.00,OFF,OFF,0,4.7,4.7,374.21,3.13,4.81,3.601,70.7,28.5,13.17,2.80,0.0,1.26,2.98,0.0,OFF,ON,OFF,0,ON,OFF,0.000,18.20,0.1,0.0,9,42,3.5,0.0,1,OFF,ON,0.0,0.0,0.0,0,0.0,OFF,OFF,OFF,OFF,OFF,ON,ON
4.650,1571,0.0,14.00,-0.16,0.0,1.165,0.000,1.161,0.00,OFF,OFF,0,4.6,4.6,376.36,3.13,4.70,3.601,70.7,28.5,13.14,2.80,0.0,1.23,2.97,0.0,OFF,ON,OFF,0,ON,OFF,0.000,18.20,0.1,0.0,9,42,3.5,0.0,1,OFF,ON,0.0,0.0,0.0,0,0.0,OFF,OFF,OFF,OFF,OFF,ON,ON
4.690,1543,0.0,14.00,-0.15,0.0,1.166,0.000,1.164,0.00,OFF,OFF,0,4.5,4.5,378.15,3.14,4.60,3.609,70.7,28.5,13.15,2.80,0.0,1.22,2.98,0.0,OFF,ON,OFF,0,ON,OFF,0.000,18.20,0.1,0.0,9,42,3.5,0.0,1,OFF,ON,0.0,0.0,0.0,0,0.0,OFF,OFF,OFF,OFF,OFF,ON,ON
4.730,1530,0.0,14.00,-0.15,0.0,1.169,0.000,1.171,0.00,OFF,OFF,0,4.5,4.5,378.98,3.12,4.60,3.610,70.7,28.5,13.11,2.80,0.0,1.18,2.97,0.0,OFF,ON,OFF,0,ON,OFF,0.000,18.20,0.1,0.0,9,42,3.5,0.0,1,OFF,ON,0.0,0.0,0.0,0,0.0,OFF,OFF,OFF,OFF,OFF,ON,ON
4.770,1532,0.0,14.00,-0.16,0.0,1.165,0.000,1.162,0.00,OFF,OFF,0,4.5,4.5,378.98,3.14,4.60,3.610,70.7,28.5,13.14,2.80,0.0,1.21,2.98,0.0,OFF,ON,OFF,0,ON,OFF,0.000,18.20,0.1,0.0,9,42,3.5,0.0,1,OFF,ON,0.0,0.0,0.0,0,0.0,OFF,OFF,OFF,OFF,OFF,ON,ON
4.810,1515,0.0,14.00,-0.16,0.0,1.156,0.000,1.163,0.00,OFF,OFF,0,4.5,4.5,378.94,3.13,4.59,3.605,70.7,28.5,13.13,2.80,0.0,1.16,2.98,0.0,OFF,ON,OFF,0,ON,OFF,0.000,18.20,0.1,0.0,9,42,3.5,0.0,1,OFF,ON,0.0,0.0,0.0,0,0.0,OFF,OFF,OFF,OFF,OFF,ON,ON
4.850,1567,0.0,14.00,-0.16,0.0,1.156,0.000,1.153,0.00,OFF,OFF,0,4.4,4.4,379.54,3.15,4.52,3.570,70.7,28.5,13.17,2.80,0.0,1.25,2.99,0.0,OFF,ON,OFF,0,ON,OFF,0.000,18.20,0.1,0.0,9,41,3.5,0.0,1,OFF,ON,0.0,0.0,0.0,0,0.0,OFF,OFF,OFF,OFF,OFF,ON,ON
4.890,1562,0.0,14.00,-0.16,0.0,1.161,0.000,1.159,0.00,OFF,OFF,0,4.6,4.6,376.32,3.14,4.69,3.570,70.7,28.5,13.14,2.80,0.0,1.22,2.97,0.0,OFF,ON,OFF,0,ON,OFF,0.000,18.20,0.1,0.0,9,42,3.5,0.0,1,OFF,ON,0.0,0.0,0.0,0,0.0,OFF,OFF,OFF,OFF,OFF,ON,ON
4.930,1550,0.0,14.00,-0.16,0.0,1.164,0.000,1.165,0.00,OFF,OFF,0,4.6,4.6,377.73,3.15,4.58,3.570,70.7,28.4,13.13,2.80,0.0,1.15,2.98,0.0,OFF,ON,OFF,0,ON,OFF,0.000,18.20,0.1,0.0,9,42,3.5,0.0,1,OFF,ON,0.0,0.0,0.0,0,0.0,OFF,OFF,OFF,OFF,OFF,ON,ON
4.970,1489,0.0,14.00,-0.16,0.0,1.164,0.000,1.163,0.00,OFF,OFF,0,4.3,4.3,382.25,3.13,4.40,3.570,70.7,28.4,13.14,2.80,0.0,1.17,2.97,0.0,OFF,ON,OFF,0,ON,OFF,0.000,18.20,0.1,0.0,8,41,3.5,0.0,1,OFF,ON,0.0,0.0,0.0,0,0.0,OFF,OFF,OFF,OFF,OFF,ON,ON
5.010,1577,0.0,14.00,-0.17,0.0,1.164,0.000,1.161,0.00,OFF,OFF,0,4.6,4.6,376.61,3.15,4.60,3.561,70.7,28.4,13.18,2.80,0.0,1.32,2.98,0.0,OFF,ON,OFF,0,ON,OFF,0.000,18.20,0.1,0.0,9,42,3.5,0.0,1,OFF,ON,0.0,0.0,0.0,0,0.0,OFF,OFF,OFF,OFF,OFF,ON,ON
5.050,1643,0.0,14.00,-0.16,0.0,1.168,0.000,1.168,0.00,OFF,OFF,0,4.8,4.8,371.37,3.13,4.89,3.570,70.7,28.4,13.15,2.80,0.0,1.24,2.97,0.0,OFF,ON,OFF,0,ON,OFF,0.000,18.20,0.1,0.0,9,41,3.5,0.0,1,OFF,ON,0.0,0.0,0.0,0,0.0,OFF,OFF,OFF,OFF,OFF,ON,ON
5.090,1591,0.0,14.00,-0.16,0.0,1.169,0.000,1.168,0.00,OFF,OFF,0,4.6,4.6,375.44,3.14,4.71,3.561,70.7,28.4,13.19,2.80,0.0,1.30,2.98,0.0,OFF,ON,OFF,0,ON,OFF,0.000,18.20,0.1,0.0,9,41,3.5,0.0,1,OFF,ON,0.0,0.0,0.0,0,0.0,OFF,OFF,OFF,OFF,OFF,ON,ON
5.130,1660,0.0,14.00,-0.16,0.0,1.162,0.000,1.168,0.00,OFF,OFF,0,4.8,4.8,371.15,3.13,4.90,3.560,70.7,28.4,13.19,2.80,0.0,1.31,2.97,0.0,OFF,ON,OFF,0,ON,OFF,0.000,18.20,0.1,0.0,9,41,3.5,0.0,1,OFF,ON,0.0,0.0,0.0,0,0.0,OFF,OFF,OFF,OFF,OFF,ON,ON
5.170,1570,0.0,14.00,-0.16,0.0,1.159,0.000,1.162,0.00,OFF,OFF,0,4.8,4.8,371.31,3.14,4.86,3.561,70.7,28.4,13.16,2.80,0.0,1.26,2.98,0.0,OFF,ON,OFF,0,ON,OFF,0.000,18.20,0.1,0.0,9,41,3.5,0.0,1,OFF,ON,0.0,0.0,0.0,0,0.0,OFF,OFF,OFF,OFF,OFF,ON,ON
5.210,1660,0.0,14.00,-0.17,0.0,1.159,0.000,1.158,0.00,OFF,OFF,0,4.6,4.6,376.29,3.14,4.65,3.569,70.7,28.4,13.20,2.80,0.0,1.28,2.98,0.0,OFF,ON,OFF,0,ON,OFF,0.000,18.20,0.1,0.0,9,42,3.5,0.0,1,OFF,ON,0.0,0.0,0.0,0,0.0,OFF,OFF,OFF,OFF,OFF,ON,ON
5.250,1677,0.0,14.00,-0.17,0.0,1.159,0.000,1.160,0.00,OFF,OFF,0,4.9,4.9,369.64,3.14,5.00,3.560,70.7,28.4,13.18,2.80,0.0,1.36,2.97,0.0,OFF,ON,OFF,0,ON,OFF,0.000,18.20,0.1,0.0,9,42,3.5,0.0,1,OFF,ON,0.0,0.0,0.0,0,0.0,OFF,OFF,OFF,OFF,OFF,ON,ON
5.290,1638,0.0,14.00,-0.16,0.0,1.164,0.000,1.163,0.00,OFF,OFF,0,4.9,4.9,369.68,3.14,4.99,3.560,70.7,28.4,13.20,2.80,0.0,1.30,2.98,0.0,OFF,ON,OFF,0,ON,OFF,0.000,18.20,0.1,0.0,9,42,3.5,0.0,1,OFF,ON,0.0,0.0,0.0,0,0.0,OFF,OFF,OFF,OFF,OFF,ON,ON
5.330,1670,0.0,14.00,-0.16,0.0,1.165,0.000,1.168,0.00,OFF,OFF,0,4.8,4.8,372.06,3.12,4.83,3.561,70.7,28.4,13.17,2.80,0.0,1.32,2.96,0.0,OFF,ON,OFF,0,ON,OFF,0.000,18.20,0.1,0.0,9,42,3.5,0.0,1,OFF,ON,0.0,0.0,0.0,0,0.0,OFF,OFF,OFF,OFF,OFF,ON,ON
5.370,1595,0.0,14.00,-0.16,0.0,1.162,0.000,1.166,0.00,OFF,OFF,0,4.9,4.9,370.41,3.14,4.96,3.570,70.7,28.4,13.16,2.80,0.0,1.27,2.98,0.0,OFF,ON,OFF,0,ON,OFF,0.000,18.20,0.1,0.0,9,42,3.5,0.0,1,OFF,ON,0.0,0.0,0.0,0,0.0,OFF,OFF,OFF,OFF,OFF,ON,ON
5.410,1521,0.0,14.00,-0.16,0.0,1.157,0.000,1.162,0.00,OFF,OFF,0,4.6,4.6,376.05,3.13,4.68,3.570,70.7,28.4,13.13,2.80,0.0,1.17,2.97,0.0,OFF,ON,OFF,0,ON,OFF,0.000,18.20,0.1,0.0,9,41,3.5,0.0,1,OFF,ON,0.0,0.0,0.0,0,0.0,OFF,OFF,OFF,OFF,OFF,ON,ON
5.450,1515,0.0,14.00,-0.16,0.0,1.157,0.000,1.157,0.00,OFF,OFF,0,4.4,4.4,379.94,3.14,4.51,3.570,70.8,28.4,13.15,2.80,0.0,1.19,2.98,0.0,OFF,ON,OFF,0,ON,OFF,0.000,18.20,0.1,0.0,9,41,3.5,0.0,1,OFF,ON,0.0,0.0,0.0,0,0.0,OFF,OFF,OFF,OFF,OFF,ON,ON
5.490,1534,0.0,14.00,-0.16,0.0,1.168,0.000,1.165,0.00,OFF,OFF,0,4.5,4.5,378.80,3.13,4.60,3.570,70.8,28.4,13.12,2.80,0.0,1.18,2.97,0.0,OFF,ON,OFF,0,ON,OFF,0.000,18.20,0.1,0.0,9,42,3.5,0.0,1,OFF,ON,0.0,0.0,0.0,0,0.0,OFF,OFF,OFF,OFF,OFF,ON,ON
5.530,1533,0.0,14.00,-0.16,0.0,1.161,0.000,1.166,0.00,OFF,OFF,0,4.5,4.5,378.25,3.15,4.60,3.570,70.8,28.4,13.15,2.80,0.0,1.16,2.99,0.0,OFF,ON,OFF,0,ON,OFF,0.000,18.20,0.1,0.0,9,42,3.5,0.0,1,OFF,ON,0.0,0.0,0.0,0,0.0,OFF,OFF,OFF,OFF,OFF,ON,ON
5.570,1470,0.0,14.00,-0.15,0.0,1.158,0.000,1.164,0.00,OFF,OFF,0,4.3,4.3,382.74,3.13,4.41,3.570,70.8,28.3,13.14,2.80,0.0,1.12,2.98,0.0,OFF,ON,OFF,0,ON,OFF,0.000,18.20,0.1,0.0,8,42,3.5,0.0,1,OFF,ON,0.0,0.0,0.0,0,0.0,OFF,OFF,OFF,OFF,OFF,ON,ON
5.610,1537,0.0,14.00,-0.16,0.0,1.162,0.000,1.158,0.00,OFF,OFF,0,4.4,4.4,379.35,3.15,4.50,3.560,70.7,28.3,13.21,2.80,0.0,1.27,2.99,0.0,OFF,ON,OFF,0,ON,OFF,0.000,18.20,0.1,0.0,9,41,3.5,0.0,1,OFF,ON,0.0,0.0,0.0,0,0.0,OFF,OFF,OFF,OFF,OFF,ON,ON
5.650,1635,0.0,14.00,-0.17,0.0,1.159,0.000,1.161,0.00,OFF,OFF,0,4.8,4.8,372.47,3.14,4.88,3.569,70.8,28.3,13.17,2.80,0.0,1.27,2.97,0.0,OFF,ON,OFF,0,ON,OFF,0.000,18.20,0.1,0.0,9,42,3.5,0.0,1,OFF,ON,0.0,0.0,0.0,0,0.0,OFF,OFF,OFF,OFF,OFF,ON,ON
5.690,1553,0.0,14.00,-0.17,0.0,1.159,0.000,1.158,0.00,OFF,OFF,0,4.5,4.5,377.45,3.15,4.60,3.570,70.7,28.3,13.16,2.80,0.0,1.18,2.99,0.0,OFF,ON,OFF,0,ON,OFF,0.000,18.20,0.1,0.0,9,41,3.5,0.0,1,OFF,ON,0.0,0.0,0.0,0,0.0,OFF,OFF,OFF,OFF,OFF,ON,ON
5.730,1514,0.0,14.00,-0.16,0.0,1.152,0.000,1.156,0.00,OFF,OFF,0,4.4,4.4,380.00,3.14,4.51,3.560,70.8,28.3,13.24,2.80,0.0,1.21,2.98,0.0,OFF,ON,OFF,0,ON,OFF,0.000,18.20,0.1,0.0,9,42,3.5,0.0,1,OFF,ON,0.0,0.0,0.0,0,0.0,OFF,OFF,OFF,OFF,OFF,ON,ON
5.770,1659,0.0,14.00,-0.15,0.0,1.160,0.000,1.155,0.00,OFF,OFF,0,4.8,4.8,370.74,3.15,4.89,3.550,70.8,28.3,13.31,2.80,0.0,1.33,2.99,0.0,OFF,ON,OFF,0,ON,OFF,0.000,18.20,0.1,0.0,9,41,3.5,0.0,1,OFF,ON,0.0,0.0,0.0,0,0.0,OFF,OFF,OFF,OFF,OFF,ON,ON
5.810,1621,0.0,14.00,-0.16,0.0,1.164,0.000,1.162,0.00,OFF,OFF,0,4.7,4.7,373.09,3.13,4.80,3.558,70.8,28.3,13.21,2.80,0.0,1.26,2.97,0.0,OFF,ON,OFF,0,ON,OFF,0.000,18.20,0.1,0.0,9,41,3.5,0.0,1,OFF,ON,0.0,0.0,0.0,0,0.0,OFF,OFF,OFF,OFF,OFF,ON,ON
5.850,1628,0.0,14.00,-0.16,0.0,1.165,0.000,1.165,0.00,OFF,OFF,0,4.7,4.7,373.43,3.14,4.81,3.540,70.8,28.3,13.25,2.80,0.0,1.36,2.98,0.0,OFF,ON,OFF,0,ON,OFF,0.000,18.20,0.1,0.0,9,42,3.5,0.0,1,OFF,ON,0.0,0.0,0.0,0,0.0,OFF,OFF,OFF,OFF,OFF,ON,OFF
5.890,1742,0.0,14.00,-0.18,0.0,1.155,0.000,1.159,0.00,OFF,OFF,0,5.1,5.1,365.23,3.15,5.19,3.540,70.8,28.3,13.24,2.80,0.0,1.37,2.97,0.0,OFF,ON,OFF,0,ON,OFF,0.000,18.20,0.1,0.0,11,42,3.5,0.0,1,OFF,ON,0.0,0.0,0.0,0,0.0,OFF,OFF,OFF,OFF,OFF,ON,OFF
5.930,1706,0.0,14.00,-0.17,0.0,1.158,0.000,1.151,0.00,OFF,OFF,0,5.0,5.0,367.62,3.13,5.00,3.540,70.8,28.3,13.24,2.80,0.0,1.36,2.96,0.0,OFF,ON,OFF,0,ON,OFF,0.000,18.20,0.1,0.0,9,42,3.5,0.0,1,OFF,ON,0.0,0.0,0.0,0,0.0,OFF,OFF,OFF,OFF,OFF,ON,OFF
5.970,1699,0.0,14.00,-0.17,0.0,1.156,0.000,1.158,0.00,OFF,OFF,0,4.9,4.9,368.23,3.14,5.04,3.540,70.8,28.3,13.25,2.80,0.0,1.46,2.97,0.0,OFF,ON,OFF,0,ON,OFF,0.000,18.20,0.1,0.0,9,41,3.5,0.0,1,OFF,ON,0.0,0.0,0.0,0,0.0,OFF,OFF,OFF,OFF,OFF,ON,OFF
6.010,1738,0.0,14.00,-0.18,0.0,1.148,0.000,1.147,0.00,OFF,OFF,0,5.2,5.2,362.81,3.14,5.29,3.540,70.8,28.3,13.21,2.80,0.0,1.46,2.95,0.0,OFF,ON,OFF,0,ON,OFF,0.000,18.20,0.1,0.0,11,41,3.5,0.0,1,OFF,ON,0.0,0.0,0.0,0,0.0,OFF,OFF,OFF,OFF,OFF,ON,OFF
6.050,1656,0.0,14.00,-0.18,0.0,1.152,0.000,1.151,0.00,OFF,OFF,0,5.0,5.0,366.23,3.14,5.10,3.540,70.8,28.3,13.22,2.80,0.0,1.35,2.97,0.0,OFF,ON,OFF,0,ON,OFF,0.000,18.20,0.1,0.0,9,41,3.5,0.0,1,OFF,ON,0.0,0.0,0.0,0,0.0,OFF,OFF,OFF,OFF,OFF,ON,OFF
6.090,1700,0.0,14.00,-0.17,0.0,1.152,0.000,1.153,0.00,OFF,OFF,0,4.8,4.8,371.08,3.13,4.91,3.540,70.8,28.3,13.22,2.80,0.0,1.35,2.96,0.0,OFF,ON,OFF,0,ON,OFF,0.000,18.20,0.1,0.0,9,42,3.5,0.0,1,OFF,ON,0.0,0.0,0.0,0,0.0,OFF,OFF,OFF,OFF,OFF,ON,OFF
6.130,1672,0.0,14.00,-0.17,0.0,1.147,0.000,1.146,0.00,OFF,OFF,0,5.0,5.0,367.92,3.13,4.99,3.540,70.8,28.3,13.19,2.80,0.0,1.34,2.96,0.0,OFF,ON,OFF,0,ON,OFF,0.000,18.20,0.1,0.0,9,42,3.5,0.0,1,OFF,ON,0.0,0.0,0.0,0,0.0,OFF,OFF,OFF,OFF,OFF,ON,OFF
6.170,1600,0.0,14.00,-0.17,0.0,1.150,0.000,1.148,0.00,OFF,OFF,0,4.8,4.8,370.78,3.14,4.88,3.540,70.8,28.3,13.19,2.80,0.0,1.25,2.97,0.0,OFF,ON,OFF,0,ON,OFF,0.000,18.20,0.1,0.0,9,41,3.5,0.0,1,OFF,ON,0.0,0.0,0.0,0,0.0,OFF,OFF,OFF,OFF,OFF,ON,OFF
6.210,1646,0.0,14.00,-0.17,0.0,1.151,0.000,1.148,0.00,OFF,OFF,0,4.8,4.8,371.58,3.14,4.88,3.540,70.8,28.3,13.20,2.80,0.0,1.31,2.97,0.0,OFF,ON,OFF,0,ON,OFF,0.000,18.20,0.1,0.0,9,41,3.5,0.0,1,OFF,ON,0.0,0.0,0.0,0,0.0,OFF,OFF,OFF,OFF,OFF,ON,OFF
6.250,1611,0.0,14.00,-0.17,0.0,1.149,0.000,1.152,0.00,OFF,OFF,0,4.7,4.7,373.83,3.14,4.72,3.540,70.8,28.2,13.18,2.80,0.0,1.25,2.97,0.0,OFF,ON,OFF,0,ON,OFF,0.000,18.20,0.1,0.0,9,42,3.5,0.0,1,OFF,ON,0.0,0.0,0.0,0,0.0,OFF,OFF,OFF,OFF,OFF,ON,OFF
6.290,1492,0.0,14.00,-0.17,0.0,1.139,0.000,1.141,0.00,OFF,OFF,0,4.3,4.3,374.44,3.13,4.44,3.550,70.8,28.2,13.14,2.80,0.0,1.16,2.97,0.0,OFF,ON,OFF,0,ON,OFF,0.000,18.20,0.1,0.0,8,41,3.5,0.0,1,OFF,ON,0.0,0.0,0.0,0,0.0,OFF,OFF,OFF,OFF,OFF,ON,OFF
6.330,1554,0.0,14.00,-0.16,0.0,1.132,0.000,1.135,0.00,OFF,OFF,0,4.3,4.3,382.18,3.14,4.41,3.541,70.8,28.2,13.19,2.80,0.0,1.17,2.98,0.0,OFF,ON,OFF,0,ON,OFF,0.000,18.20,0.1,0.0,8,41,3.5,0.0,1,OFF,ON,0.0,0.0,0.0,0,0.0,OFF,OFF,OFF,OFF,OFF,ON,OFF
6.370,1524,0.0,14.00,-0.16,0.0,1.128,0.000,1.128,0.00,OFF,OFF,0,4.5,4.5,376.83,3.13,4.60,3.540,70.8,28.2,13.16,2.80,0.0,1.21,2.98,0.0,OFF,ON,OFF,0,ON,OFF,0.000,18.20,0.1,0.0,9,41,3.5,0.0,1,OFF,ON,0.0,0.0,0.0,0,0.0,OFF,OFF,OFF,OFF,OFF,ON,OFF
6.410,1513,0.0,14.00,-0.16,0.0,1.133,0.000,1.131,0.00,OFF,OFF,0,4.4,4.4,379.76,3.14,4.50,3.550,70.8,28.2,13.16,2.80,0.0,1.11,2.98,0.0,OFF,ON,OFF,0,ON,OFF,0.000,18.20,0.1,0.0,9,41,3.5,0.0,1,OFF,ON,0.0,0.0,0.0,0,0.0,OFF,OFF,OFF,OFF,OFF,ON,OFF
6.450,1490,0.0,14.00,-0.15,0.0,1.123,0.000,1.129,0.00,OFF,OFF,0,4.3,4.3,381.47,3.13,4.36,3.540,70.8,28.2,13.21,2.80,0.0,1.23,2.98,0.0,OFF,ON,OFF,0,ON,OFF,0.000,18.20,0.1,0.0,8,42,3.5,0.0,1,OFF,ON,0.0,0.0,0.0,0,0.0,OFF,OFF,OFF,OFF,OFF,ON,OFF
6.490,1634,0.0,14.00,-0.16,0.0,1.118,0.000,1.118,0.00,OFF,OFF,0,4.7,4.7,372.34,3.15,4.81,3.540,70.8,28.2,13.22,2.80,0.0,1.33,2.99,0.0,OFF,ON,OFF,0,ON,OFF,0.000,18.20,0.1,0.0,9,41,3.5,0.0,1,OFF,ON,0.0,0.0,0.0,0,0.0,OFF,OFF,OFF,OFF,OFF,ON,OFF
6.530,1664,0.0,14.00,-0.16,0.0,1.130,0.000,1.124,0.00,OFF,OFF,0,4.9,4.9,369.65,3.14,4.90,3.540,70.8,28.2,13.16,2.80,0.0,1.25,2.97,0.0,OFF,ON,OFF,0,ON,OFF,0.000,18.20,0.1,0.0,9,42,3.5,0.0,1,OFF,ON,0.0,0.0,0.0,0,0.0,OFF,OFF,OFF,OFF,OFF,ON,OFF
6.570,1582,0.0,14.00,-0.17,0.0,1.136,0.000,1.136,0.00,OFF,OFF,0,4.5,4.5,376.34,3.15,4.61,3.540,70.8,28.2,13.21,2.80,0.0,1.29,2.98,0.0,OFF,ON,OFF,0,ON,OFF,0.000,18.20,0.1,0.0,9,41,3.5,0.0,1,OFF,ON,0.0,0.0,0.0,0,0.0,OFF,OFF,OFF,OFF,OFF,ON,OFF
6.610,1759,0.0,14.00,-0.17,0.0,1.137,0.000,1.140,0.00,OFF,OFF,0,4.9,4.9,368.69,3.14,4.99,3.540,70.8,28.2,13.21,2.80,0.0,1.42,2.97,0.0,OFF,ON,OFF,0,ON,OFF,0.000,18.20,0.1,0.0,9,41,3.5,0.0,1,OFF,ON,0.0,0.0,0.0,0,0.0,OFF,OFF,OFF,OFF,OFF,ON,OFF
6.650,1746,0.0,14.00,-0.17,0.0,1.116,0.000,1.123,0.00,OFF,OFF,0,5.1,5.1,364.02,3.15,5.19,3.540,70.8,28.2,13.22,2.80,0.0,1.41,2.97,0.0,OFF,ON,OFF,0,ON,OFF,0.000,18.20,0.1,0.0,11,41,3.5,0.0,1,OFF,ON,0.0,0.0,0.0,0,0.0,OFF,OFF,OFF,OFF,OFF,ON,OFF
6.690,1854,0.0,14.00,-0.18,0.0,1.109,0.000,1.113,0.00,OFF,OFF,0,5.1,5.1,364.43,3.15,5.15,3.540,70.8,28.2,13.25,2.80,0.0,1.51,2.97,0.0,OFF,ON,OFF,0,ON,OFF,0.000,18.20,0.1,0.0,11,42,3.5,0.0,1,OFF,ON,0.0,0.0,0.0,0,0.0,OFF,OFF,OFF,OFF,OFF,ON,OFF
6.730,1860,0.0,14.00,-0.18,0.0,1.115,0.000,1.111,0.00,OFF,OFF,0,5.4,5.4,357.92,3.13,5.50,3.540,70.8,28.2,13.22,2.80,0.0,1.55,2.95,0.0,OFF,ON,OFF,0,ON,OFF,0.000,18.20,0.1,0.0,11,41,3.5,0.0,1,OFF,ON,0.0,0.0,0.0,0,0.0,OFF,OFF,OFF,OFF,OFF,ON,OFF
6.770,1715,0.0,14.00,-0.18,0.0,1.124,0.007,1.125,0.02,OFF,OFF,0,5.0,5.0,367.28,3.14,5.02,3.540,70.8,28.2,13.22,2.80,0.0,1.39,2.96,0.0,OFF,ON,OFF,0,ON,OFF,0.000,18.20,0.1,0.0,9,42,3.5,0.0,1,OFF,ON,0.0,0.0,0.0,0,0.0,OFF,OFF,OFF,OFF,OFF,ON,OFF
6.810,1782,0.0,14.00,-0.18,0.0,1.127,0.971,1.128,2.14,OFF,OFF,0,5.2,5.2,363.06,3.13,5.29,3.584,70.8,28.2,13.24,2.80,0.0,1.53,2.95,0.0,OFF,ON,OFF,0,ON,OFF,0.000,18.20,0.1,0.0,11,42,3.5,0.0,1,OFF,ON,0.0,0.0,0.0,0,0.0,OFF,OFF,OFF,OFF,OFF,ON,OFF
6.850,1897,0.0,14.00,-0.19,0.0,1.123,1.000,1.128,2.50,OFF,OFF,0,5.7,5.7,354.25,3.14,5.79,3.600,70.8,28.2,13.22,2.80,0.0,1.53,2.95,0.0,OFF,ON,OFF,0,ON,OFF,0.000,18.20,0.1,0.0,12,42,3.5,0.0,1,OFF,ON,0.0,0.0,0.0,0,0.0,OFF,OFF,OFF,OFF,OFF,ON,OFF
6.890,1734,0.0,14.00,-0.19,0.0,1.127,1.000,1.127,2.85,OFF,OFF,0,5.1,5.1,365.58,3.14,5.22,3.610,70.8,28.2,13.21,2.80,0.0,1.33,2.95,0.0,OFF,ON,OFF,0,ON,OFF,0.000,18.20,0.1,0.0,11,42,3.5,0.0,1,OFF,ON,0.0,0.0,0.0,0,0.0,OFF,OFF,OFF,OFF,OFF,ON,OFF
6.930,1878,0.0,14.00,-0.18,0.0,1.139,1.000,1.131,3.26,OFF,OFF,0,5.2,5.2,365.42,3.13,5.26,3.621,70.8,28.1,13.25,2.80,0.0,1.56,2.95,0.0,OFF,ON,OFF,0,ON,OFF,0.000,18.20,0.1,0.0,11,42,3.5,0.0,1,OFF,ON,0.0,0.0,0.0,0,0.0,OFF,OFF,OFF,OFF,OFF,ON,OFF
6.970,1854,0.0,14.00,-0.19,0.0,1.139,1.000,1.145,4.14,OFF,OFF,0,5.5,5.5,358.32,3.14,5.61,3.639,70.8,28.1,13.25,2.80,0.0,1.56,2.95,0.0,OFF,ON,OFF,0,ON,OFF,0.000,18.20,0.1,0.0,11,42,3.5,0.0,1,OFF,ON,0.0,0.0,0.0,0,0.0,OFF,OFF,OFF,OFF,OFF,ON,OFF
7.010,1654,0.0,14.00,-0.19,0.0,1.118,1.000,1.124,4.20,OFF,OFF,0,5.5,5.5,359.11,3.13,5.58,3.648,70.8,28.1,13.20,2.80,0.0,1.37,2.94,0.0,OFF,ON,OFF,0,ON,OFF,0.000,18.20,0.1,0.0,11,42,3.5,0.0,1,OFF,ON,0.0,0.0,0.0,0,0.0,OFF,OFF,OFF,OFF,OFF,ON,OFF
7.050,1781,0.0,14.00,-0.17,0.0,1.113,1.000,1.112,4.31,OFF,OFF,0,4.9,4.9,372.37,3.14,4.92,3.640,70.8,28.1,13.27,2.80,0.0,1.46,2.97,0.0,OFF,ON,OFF,0,ON,OFF,0.000,18.20,0.1,0.0,9,43,3.5,0.0,1,OFF,ON,0.0,0.0,0.0,0,0.0,OFF,OFF,OFF,OFF,OFF,ON,OFF
7.090,1872,0.0,14.00,-0.19,0.0,1.119,1.000,1.117,4.75,OFF,OFF,0,5.4,5.4,361.14,3.15,5.52,3.650,70.8,28.1,13.26,2.80,0.0,1.55,2.96,0.0,OFF,ON,OFF,0,ON,OFF,0.000,18.20,0.1,0.0,11,43,3.5,0.0,1,OFF,ON,0.0,0.0,0.0,0,0.0,OFF,OFF,OFF,OFF,OFF,ON,OFF
7.130,1701,0.0,14.00,-0.19,0.0,1.109,1.000,1.111,5.19,OFF,OFF,0,5.2,5.2,367.03,3.14,5.26,3.660,70.8,28.1,13.21,2.80,0.0,1.38,2.95,0.0,OFF,ON,OFF,0,ON,OFF,0.000,18.20,0.1,0.0,11,43,3.5,0.0,1,OFF,ON,0.0,0.0,0.0,0,0.0,OFF,OFF,OFF,OFF,OFF,ON,OFF
7.170,1676,0.0,14.00,-0.17,0.0,1.105,1.000,1.107,5.38,OFF,OFF,0,5.0,5.0,369.73,3.13,5.12,3.670,70.8,28.1,13.26,2.80,0.0,1.39,2.96,0.0,OFF,ON,OFF,0,ON,OFF,0.000,18.20,0.1,0.0,9,43,3.5,0.0,1,OFF,ON,0.0,0.0,0.0,0,0.0,OFF,OFF,OFF,OFF,OFF,ON,OFF
7.210,1824,0.0,14.00,-0.18,0.0,1.114,1.000,1.111,5.80,OFF,OFF,0,5.5,5.5,360.43,3.14,5.58,3.680,70.8,28.0,13.24,2.80,0.0,1.52,2.96,0.0,OFF,ON,OFF,0,ON,OFF,0.000,18.20,0.1,0.0,11,43,3.5,0.0,1,OFF,ON,0.0,0.0,0.0,0,0.0,OFF,OFF,OFF,OFF,OFF,ON,OFF
7.250,1747,0.0,14.00,-0.19,0.0,1.113,1.000,1.123,6.30,OFF,OFF,0,5.3,5.3,365.08,3.14,5.38,3.690,70.8,28.0,13.21,2.80,0.0,1.35,2.96,0.0,OFF,ON,OFF,0,ON,OFF,0.000,18.20,0.1,0.0,11,43,3.5,0.0,1,OFF,ON,0.0,0.0,0.0,0,0.0,OFF,OFF,OFF,OFF,OFF,ON,OFF
7.290,1535,0.0,14.00,-0.18,0.0,1.109,1.000,1.110,6.44,OFF,OFF,0,4.6,4.6,378.79,3.14,4.71,3.700,70.8,28.0,13.20,2.80,0.0,1.22,2.96,0.0,OFF,ON,OFF,0,ON,OFF,0.000,18.20,0.1,0.0,9,43,3.5,0.0,1,OFF,ON,0.0,0.0,0.0,0,0.0,OFF,OFF,OFF,OFF,OFF,ON,OFF
7.330,1624,0.0,14.00,-0.16,0.0,1.108,1.000,1.107,6.88,OFF,OFF,0,4.9,4.9,373.54,3.14,5.00,3.700,70.8,28.0,13.24,2.80,0.0,1.29,2.97,0.0,OFF,ON,OFF,0,ON,OFF,0.000,18.20,0.1,0.0,9,43,3.5,0.0,1,OFF,ON,0.0,0.0,0.0,0,0.0,OFF,OFF,OFF,OFF,OFF,ON,OFF
7.370,1581,0.0,14.00,-0.16,0.0,1.114,1.000,1.109,7.19,OFF,OFF,0,4.8,4.8,375.29,3.12,4.91,3.719,70.8,28.0,13.17,2.80,0.0,1.19,2.96,0.0,OFF,ON,OFF,0,ON,OFF,0.000,18.20,0.1,0.0,9,43,3.5,0.0,1,OFF,ON,0.0,0.0,0.0,0,0.0,OFF,OFF,OFF,OFF,OFF,ON,OFF
7.410,1393,0.0,14.00,-0.16,0.0,1.116,1.000,1.118,7.69,OFF,OFF,0,4.3,4.3,386.58,3.14,4.37,3.729,70.8,28.0,13.16,2.80,0.0,1.03,2.98,0.0,OFF,ON,OFF,0,ON,OFF,0.000,18.20,0.1,0.0,8,43,3.5,0.0,1,OFF,ON,0.0,0.0,0.0,0,0.0,OFF,OFF,OFF,OFF,OFF,ON,OFF
7.450,1448,0.0,14.00,-0.16,0.0,1.116,1.000,1.113,7.93,OFF,OFF,0,4.4,4.4,384.56,3.14,4.48,3.740,70.9,28.0,13.18,2.80,0.0,1.11,2.98,0.0,OFF,ON,OFF,0,ON,OFF,0.000,18.20,0.1,0.0,9,43,3.5,0.0,1,OFF,ON,0.0,0.0,0.0,0,0.0,OFF,OFF,OFF,OFF,OFF,ON,OFF
7.490,1572,0.0,14.00,-0.16,0.0,1.111,1.000,1.115,8.22,OFF,OFF,0,4.8,4.8,376.28,3.15,4.94,3.740,70.9,28.0,13.21,2.80,0.0,1.22,2.99,0.0,OFF,ON,OFF,0,ON,OFF,0.000,18.20,0.1,0.0,9,44,3.5,0.0,1,OFF,ON,0.0,0.0,0.0,0,0.0,OFF,OFF,OFF,OFF,OFF,ON,OFF
7.530,1464,0.0,14.00,-0.16,0.0,1.117,1.000,1.115,8.75,OFF,OFF,0,4.9,4.9,375.47,3.13,4.99,3.759,70.9,28.0,13.17,2.80,0.0,1.12,2.97,0.0,OFF,ON,OFF,0,ON,OFF,0.000,18.20,0.1,0.0,9,44,3.5,0.0,1,OFF,ON,0.0,0.0,0.0,0,0.0,OFF,OFF,OFF,OFF,OFF,ON,OFF
7.570,1453,0.0,14.00,-0.16,0.0,1.124,1.000,1.119,9.19,OFF,OFF,0,4.5,4.5,384.15,3.15,4.51,3.769,70.9,28.0,13.21,2.80,0.0,1.11,2.99,0.0,OFF,ON,OFF,0,ON,OFF,0.000,18.20,0.1,0.0,9,44,3.5,0.0,1,OFF,ON,0.0,0.0,0.0,0,0.0,OFF,OFF,OFF,OFF,OFF,ON,OFF
7.610,1658,0.0,14.00,-0.15,0.0,1.120,1.000,1.123,9.50,OFF,OFF,0,4.6,4.6,380.97,3.13,4.72,3.769,70.9,28.0,13.25,2.80,0.0,1.31,2.98,0.0,OFF,ON,OFF,0,ON,OFF,0.000,18.20,0.1,0.0,9,44,3.5,0.0,1,OFF,ON,0.0,0.0,0.0,0,0.0,OFF,OFF,OFF,OFF,OFF,ON,OFF
7.650,1594,0.0,14.00,-0.16,0.0,1.112,1.000,1.115,9.72,OFF,OFF,0,5.2,5.2,370.15,3.14,5.26,3.781,70.9,28.0,13.21,2.80,0.0,1.25,2.98,0.0,OFF,ON,OFF,0,ON,OFF,0.000,18.20,0.1,0.0,11,44,3.5,0.0,1,OFF,ON,0.0,0.0,0.0,0,0.0,OFF,OFF,OFF,OFF,OFF,ON,OFF
7.690,1539,0.0,14.00,-0.15,0.0,1.103,1.000,1.104,10.08,OFF,OFF,0,4.9,4.9,375.97,3.13,4.98,3.790,70.9,28.0,13.21,2.80,0.0,1.16,2.97,0.0,OFF,ON,OFF,0,ON,OFF,0.000,18.20,0.1,0.0,9,44,3.5,0.0,1,OFF,ON,0.0,0.0,0.0,0,0.0,OFF,OFF,OFF,OFF,OFF,ON,OFF
7.730,1673,0.0,14.00,-0.16,0.0,1.098,1.000,1.099,10.28,OFF,OFF,0,4.9,4.9,377.56,3.14,4.86,3.790,70.9,28.0,13.25,2.80,0.0,1.31,2.98,0.0,OFF,ON,OFF,0,ON,OFF,0.000,18.20,0.1,0.0,9,45,3.5,0.0,1,OFF,ON,0.0,0.0,0.0,0,0.0,OFF,OFF,OFF,OFF,OFF,ON,OFF
7.770,1682,0.0,14.00,-0.17,0.0,1.096,1.000,1.094,10.50,OFF,OFF,0,5.2,5.2,369.24,3.15,5.30,3.790,70.9,28.0,13.24,2.80,0.0,1.36,2.98,0.0,OFF,ON,OFF,0,ON,OFF,0.000,18.20,0.1,0.0,11,44,3.5,0.0,1,OFF,ON,0.0,0.0,0.0,0,0.0,OFF,OFF,OFF,OFF,OFF,ON,OFF
7.810,1598,0.0,14.00,-0.17,0.0,1.096,1.000,1.097,10.80,OFF,OFF,0,4.9,4.9,374.65,3.14,5.04,3.799,70.8,28.0,13.23,2.80,0.0,1.25,2.97,0.0,OFF,ON,OFF,0,ON,OFF,0.000,18.20,0.1,0.0,9,44,3.5,0.0,1,OFF,ON,0.0,0.0,0.0,0,0.0,OFF,OFF,OFF,OFF,OFF,ON,OFF
7.850,1679,0.0,14.00,-0.16,0.0,1.103,1.000,1.097,11.04,OFF,OFF,0,5.3,5.3,369.42,3.14,5.35,3.810,70.9,28.0,13.26,2.80,0.0,1.35,2.98,0.0,OFF,ON,OFF,0,ON,OFF,0.000,18.20,0.1,0.0,11,45,3.5,0.0,1,OFF,ON,0.0,0.0,0.0,0,0.0,OFF,OFF,OFF,OFF,OFF,ON,OFF
7.890,1632,0.0,14.00,-0.16,0.0,1.108,1.000,1.107,11.65,OFF,OFF,0,5.3,5.3,369.14,3.13,5.38,3.821,70.9,28.0,13.20,2.80,0.0,1.29,2.97,0.0,OFF,ON,OFF,0,ON,OFF,0.000,18.20,0.1,0.0,11,45,3.5,0.0,1,OFF,ON,0.0,0.0,0.0,0,0.0,OFF,OFF,OFF,OFF,OFF,ON,OFF
7.930,1537,0.0,14.00,-0.16,0.0,1.114,1.000,1.112,12.05,OFF,OFF,0,5.1,5.1,373.75,3.14,5.16,3.831,70.9,28.0,13.20,2.80,0.0,1.18,2.98,0.0,OFF,ON,OFF,0,ON,OFF,0.000,18.20,0.1,0.0,11,45,3.5,0.0,1,OFF,ON,0.0,0.0,0.0,0,0.0,OFF,OFF,OFF,OFF,OFF,ON,OFF
7.970,1641,0.0,14.00,-0.16,0.0,1.118,1.000,1.118,12.50,OFF,OFF,0,4.8,4.8,378.28,3.14,4.95,3.841,70.9,28.0,13.21,2.80,0.0,1.31,2.97,0.0,OFF,ON,OFF,0,ON,OFF,0.000,18.20,0.1,0.0,9,45,3.5,0.0,1,OFF,ON,0.0,0.0,0.0,0,0.0,OFF,OFF,OFF,OFF,OFF,ON,OFF
8.010,1620,0.0,14.00,-0.17,0.0,1.114,1.000,1.118,12.82,OFF,OFF,0,5.2,5.2,371.23,3.15,5.29,3.850,70.9,28.0,13.21,2.80,0.0,1.27,2.98,0.0,OFF,ON,OFF,0,ON,OFF,0.000,18.20,0.1,0.0,11,45,3.5,0.0,1,OFF,ON,0.0,0.0,0.0,0,0.0,OFF,OFF,OFF,OFF,OFF,ON,OFF
8.050,1600,0.0,14.00,-0.17,0.0,1.103,1.000,1.111,13.01,OFF,OFF,0,5.1,5.1,373.55,3.14,5.20,3.860,70.9,28.0,13.19,2.80,0.0,1.16,2.97,0.0,OFF,ON,OFF,0,ON,OFF,0.000,18.20,0.1,0.0,11,45,3.5,0.0,1,OFF,ON,0.0,0.0,0.0,0,0.0,OFF,OFF,OFF,OFF,OFF,ON,OFF
8.090,1506,0.0,14.00,-0.17,0.0,1.107,1.000,1.106,13.45,OFF,OFF,0,4.7,4.7,380.88,3.15,4.82,3.869,70.9,28.0,13.25,2.80,0.0,1.21,2.99,0.0,OFF,ON,OFF,0,ON,OFF,0.000,18.20,0.1,0.0,9,45,3.5,0.0,1,OFF,ON,0.0,0.0,0.0,0,0.0,OFF,OFF,OFF,OFF,OFF,ON,OFF
8.130,1597,0.0,14.00,-0.16,0.0,1.104,1.000,1.103,13.70,OFF,OFF,0,5.1,5.1,374.81,3.14,5.10,3.870,70.9,28.0,13.24,2.80,0.0,1.29,2.97,0.0,OFF,ON,OFF,0,ON,OFF,0.000,18.20,0.1,0.0,11,46,3.5,0.0,1,OFF,ON,0.0,0.0,0.0,0,0.0,OFF,OFF,OFF,OFF,OFF,ON,OFF
8.170,1598,0.0,14.00,-0.16,0.0,1.110,1.000,1.108,14.00,OFF,OFF,0,5.1,5.1,373.78,3.14,5.19,3.879,70.9,28.0,13.21,2.80,0.0,1.16,2.98,0.0,OFF,ON,OFF,0,ON,OFF,0.000,18.20,0.1,0.0,11,45,3.5,0.0,1,OFF,ON,0.0,0.0,0.0,0,0.0,OFF,OFF,OFF,OFF,OFF,ON,OFF
8.210,1475,0.0,14.00,-0.16,0.0,1.104,1.000,1.107,14.32,OFF,OFF,0,4.7,4.7,382.73,3.13,4.81,3.890,70.9,28.0,13.21,2.80,0.0,1.15,2.98,0.0,OFF,ON,OFF,0,ON,OFF,0.000,18.20,0.1,0.0,9,46,3.5,0.0,1,OFF,ON,0.0,0.0,0.0,0,0.0,OFF,OFF,OFF,OFF,OFF,ON,OFF
8.250,1523,0.0,14.00,-0.15,0.0,1.099,1.000,1.103,14.52,OFF,OFF,0,4.9,4.9,379.50,3.15,4.90,3.890,70.9,28.0,13.23,2.80,0.0,1.20,2.99,0.0,OFF,ON,OFF,0,ON,OFF,0.000,18.20,0.1,0.0,9,46,3.5,0.0,1,OFF,ON,0.0,0.0,0.0,0,0.0,OFF,OFF,OFF,OFF,OFF,ON,OFF
8.290,1528,0.0,14.00,-0.16,0.0,1.101,1.000,1.099,14.97,OFF,OFF,0,4.9,4.9,379.05,3.14,4.99,3.909,70.9,28.0,13.19,2.80,0.0,1.14,2.98,0.0,OFF,ON,OFF,0,ON,OFF,0.000,18.20,0.1,0.0,9,46,3.5,0.0,1,OFF,ON,0.0,0.0,0.0,0,0.0,OFF,OFF,OFF,OFF,OFF,ON,OFF
8.330,1403,0.0,14.00,-0.16,0.0,1.111,1.000,1.109,15.40,OFF,OFF,0,4.5,4.5,387.10,3.15,4.61,3.919,70.9,28.0,13.19,2.80,0.0,1.05,2.99,0.0,OFF,ON,OFF,0,ON,OFF,0.000,18.20,0.1,0.0,9,46,3.5,0.0,1,OFF,ON,0.0,0.0,0.0,0,0.0,OFF,OFF,OFF,OFF,OFF,ON,OFF
8.370,1478,0.0,14.00,-0.16,0.0,1.114,1.000,1.120,15.90,OFF,OFF,0,4.8,4.8,382.52,3.14,4.80,3.929,70.9,28.0,13.21,2.80,0.0,1.18,2.98,0.0,OFF,ON,OFF,0,ON,OFF,0.000,18.20,0.1,0.0,9,46,3.5,0.0,1,OFF,ON,0.0,0.0,0.0,0,0.0,OFF,OFF,OFF,OFF,OFF,ON,OFF
8.410,1617,0.0,14.00,-0.16,0.0,1.112,1.000,1.112,16.05,OFF,OFF,0,5.2,5.2,374.43,3.15,5.24,3.930,70.9,28.0,13.23,2.80,0.0,1.25,2.99,0.0,OFF,ON,OFF,0,ON,OFF,0.000,18.20,0.1,0.0,11,46,3.5,0.0,1,OFF,ON,0.0,0.0,0.0,0,0.0,OFF,OFF,OFF,OFF,OFF,ON,OFF
8.450,1462,0.0,14.00,-0.16,0.0,1.112,1.000,1.114,16.66,OFF,OFF,0,4.8,4.8,382.36,3.14,4.86,3.940,70.9,28.0,13.18,2.80,0.0,1.10,2.98,0.0,OFF,ON,OFF,0,ON,OFF,0.000,18.20,0.1,0.0,9,46,3.5,0.0,1,OFF,ON,0.0,0.0,0.0,0,0.0,OFF,OFF,OFF,OFF,OFF,ON,OFF
8.490,1414,0.0,14.00,-0.16,0.0,1.115,1.000,1.114,16.97,OFF,OFF,0,4.6,4.6,386.12,3.15,4.63,3.950,70.9,28.0,13.22,2.80,0.0,1.10,3.00,0.0,OFF,ON,OFF,0,ON,OFF,0.000,18.20,0.1,0.0,9,46,3.5,0.0,1,OFF,ON,0.0,0.0,0.0,0,0.0,OFF,OFF,OFF,OFF,OFF,ON,OFF
8.530,1632,0.0,14.00,-0.15,0.0,1.120,1.000,1.120,17.39,OFF,OFF,0,5.2,5.2,373.76,3.14,5.30,3.959,70.9,28.0,13.25,2.80,0.0,1.29,2.99,0.0,OFF,ON,OFF,0,ON,OFF,0.000,18.20,0.1,0.0,11,46,3.5,0.0,1,OFF,ON,0.0,0.0,0.0,0,0.0,OFF,OFF,OFF,OFF,OFF,ON,OFF
8.570,1585,0.0,14.00,-0.15,0.0,1.103,1.000,1.116,17.60,OFF,OFF,0,5.1,5.1,375.44,3.14,5.22,3.969,70.9,28.0,13.23,2.80,0.0,1.20,2.99,0.0,OFF,ON,OFF,0,ON,OFF,0.000,18.20,0.1,0.0,11,46,3.5,0.0,1,OFF,ON,0.0,0.0,0.0,0,0.0,OFF,OFF,OFF,OFF,OFF,ON,OFF
8.610,1468,0.0,14.00,-0.15,0.0,1.093,1.000,1.099,17.62,OFF,OFF,0,5.1,5.1,376.13,3.13,5.19,3.970,70.9,28.0,13.21,2.80,0.0,1.12,2.98,0.0,OFF,ON,OFF,0,ON,OFF,0.000,18.20,0.1,0.0,11,46,3.5,0.0,1,OFF,ON,0.0,0.0,0.0,0,0.0,OFF,OFF,OFF,OFF,OFF,ON,OFF
8.650,1547,0.0,14.00,-0.15,0.0,1.098,1.000,1.099,18.06,OFF,OFF,0,4.7,4.7,383.65,3.14,4.81,3.970,70.9,28.0,13.25,2.80,0.0,1.20,2.99,0.0,OFF,ON,OFF,0,ON,OFF,0.000,18.20,0.1,0.0,9,46,3.5,0.0,1,OFF,ON,0.0,0.0,0.0,0,0.0,OFF,OFF,OFF,OFF,OFF,ON,OFF
8.690,1562,0.0,14.00,-0.15,0.0,1.097,1.000,1.096,18.30,OFF,OFF,0,5.1,5.1,377.14,3.13,5.20,3.989,70.9,28.0,13.23,2.80,0.0,1.23,2.98,0.0,OFF,ON,OFF,0,ON,OFF,0.000,18.20,0.1,0.0,11,47,3.5,0.0,1,OFF,ON,0.0,0.0,0.0,0,0.0,OFF,OFF,OFF,OFF,OFF,ON,OFF
8.730,1542,0.0,14.00,-0.15,0.0,1.103,1.000,1.101,18.70,OFF,OFF,0,5.1,5.1,377.21,3.14,5.19,3.999,70.9,28.0,13.18,2.80,0.0,1.09,2.99,0.0,OFF,ON,OFF,0,ON,OFF,0.000,18.20,0.1,0.0,11,46,3.5,0.0,1,OFF,ON,0.0,0.0,0.0,0,0.0,OFF,OFF,OFF,OFF,OFF,ON,OFF
8.770,1407,0.0,14.00,-0.15,0.0,1.105,1.000,1.108,19.11,OFF,OFF,0,4.6,4.6,387.26,3.13,4.71,4.009,70.9,28.0,13.19,2.80,0.0,1.06,2.98,0.0,OFF,ON,OFF,0,ON,OFF,0.000,18.20,0.1,0.0,9,47,3.5,0.0,1,OFF,ON,0.0,0.0,0.0,0,0.0,OFF,OFF,OFF,OFF,OFF,ON,OFF
8.810,1498,0.0,14.00,-0.15,0.0,1.109,1.000,1.104,19.25,OFF,OFF,0,4.9,4.9,381.73,3.14,5.01,4.010,70.9,28.0,13.25,2.80,0.0,1.20,2.99,0.0,OFF,ON,OFF,0,ON,OFF,0.000,18.20,0.1,0.0,9,47,3.5,0.0,1,OFF,ON,0.0,0.0,0.0,0,0.0,OFF,OFF,OFF,OFF,OFF,ON,OFF
8.850,1584,0.0,14.00,-0.15,0.0,1.100,1.000,1.104,19.78,OFF,OFF,0,5.3,5.3,374.86,3.13,5.39,4.020,70.9,28.0,13.22,2.80,0.0,1.20,2.98,0.0,OFF,ON,OFF,0,ON,OFF,0.000,18.20,0.1,0.0,11,47,3.5,0.0,1,OFF,ON,0.0,0.0,0.0,0,0.0,OFF,OFF,OFF,OFF,OFF,ON,OFF
8.890,1482,0.0,14.00,-0.15,0.0,1.099,1.000,1.099,20.00,OFF,OFF,0,4.9,4.9,381.76,3.14,5.00,4.029,70.9,28.0,13.18,2.80,0.0,1.05,2.99,0.0,OFF,ON,OFF,0,ON,OFF,0.000,18.20,0.1,0.0,9,47,3.5,0.0,1,OFF,ON,0.0,0.0,0.0,0,0.0,OFF,OFF,OFF,OFF,OFF,ON,OFF
8.930,1383,0.0,14.00,-0.15,0.0,1.100,1.000,1.098,20.20,OFF,OFF,0,4.6,4.6,387.93,3.14,4.65,4.039,70.9,28.0,13.22,2.80,0.0,1.09,2.99,0.0,OFF,ON,OFF,0,ON,OFF,0.000,18.20,0.1,0.0,9,48,3.5,0.0,1,OFF,ON,0.0,0.0,0.0,0,0.0,OFF,OFF,OFF,OFF,OFF,ON,OFF
8.970,1573,0.0,14.00,-0.15,0.0,1.098,1.000,1.099,20.53,OFF,OFF,0,5.1,5.1,377.72,3.14,5.22,4.040,70.9,28.0,13.27,2.80,0.0,1.24,2.99,0.0,OFF,ON,OFF,0,ON,OFF,0.000,18.20,0.1,0.0,11,47,3.5,0.0,1,OFF,ON,0.0,0.0,0.0,0,0.0,OFF,OFF,OFF,OFF,OFF,ON,OFF
9.010,1572,0.0,14.00,-0.15,0.0,1.103,1.000,1.102,21.06,OFF,OFF,0,5.2,5.2,376.23,3.13,5.30,4.049,70.9,28.0,13.21,2.80,0.0,1.15,2.97,0.0,OFF,ON,OFF,0,ON,OFF,0.000,18.21,0.1,0.0,11,47,3.5,0.0,1,OFF,ON,0.0,0.0,0.0,0,0.0,OFF,OFF,OFF,OFF,OFF,ON,OFF
9.050,1380,0.0,14.00,-0.16,0.0,1.106,1.000,1.105,21.37,OFF,OFF,0,4.7,4.7,387.36,3.15,4.77,4.069,70.9,28.0,13.18,2.80,0.0,1.02,2.99,0.0,OFF,ON,OFF,0,ON,OFF,0.000,18.21,0.1,0.0,9,48,3.5,0.0,1,OFF,ON,0.0,0.0,0.0,0,0.0,OFF,OFF,OFF,OFF,OFF,ON,OFF
9.090,1459,0.0,14.00,-0.16,0.0,1.099,1.000,1.099,21.60,OFF,OFF,0,4.9,4.9,384.04,3.14,4.96,4.070,70.9,28.0,13.22,2.80,0.0,1.12,2.98,0.0,OFF,ON,OFF,0,ON,OFF,0.000,18.21,0.1,0.0,9,48,3.5,0.0,1,OFF,ON,0.0,0.0,0.0,0,0.0,OFF,OFF,OFF,OFF,OFF,ON,OFF
9.130,1601,0.0,14.00,-0.15,0.0,1.112,1.000,1.100,21.81,OFF,OFF,0,5.3,5.3,374.44,3.14,5.43,4.069,71.0,28.0,13.27,2.80,0.0,1.26,2.99,0.0,OFF,ON,OFF,0,ON,OFF,0.000,18.21,0.1,0.0,11,47,3.5,0.0,1,OFF,ON,0.0,0.0,0.0,0,0.0,OFF,OFF,OFF,OFF,OFF,ON,OFF
9.170,1494,0.0,14.00,-0.15,0.0,1.103,1.000,1.111,22.31,OFF,OFF,0,5.4,5.4,373.47,3.13,5.49,4.089,71.0,28.0,13.21,2.80,0.0,1.14,2.98,0.0,OFF,ON,OFF,0,ON,OFF,0.000,18.21,0.1,0.0,11,47,3.5,0.0,1,OFF,ON,0.0,0.0,0.0,0,0.0,OFF,OFF,OFF,OFF,OFF,ON,OFF
9.210,1471,0.0,14.00,-0.16,0.0,1.099,1.000,1.098,22.58,OFF,OFF,0,5.0,5.0,382.25,3.15,5.00,4.090,71.0,28.0,13.25,2.80,0.0,1.11,2.99,0.0,OFF,ON,OFF,0,ON,OFF,0.000,18.21,0.1,0.0,9,48,3.5,0.0,1,OFF,ON,0.0,0.0,0.0,0,0.0,OFF,OFF,OFF,OFF,OFF,ON,OFF
9.250,1609,0.0,14.00,-0.15,0.0,1.093,1.000,1.095,22.78,OFF,OFF,0,4.9,4.9,382.50,3.13,5.01,4.099,71.0,28.0,13.28,2.80,0.0,1.23,2.99,0.0,OFF,ON,OFF,0,ON,OFF,0.000,18.21,0.1,0.0,9,47,3.5,0.0,1,OFF,ON,0.0,0.0,0.0,0,0.0,OFF,OFF,OFF,OFF,OFF,ON,OFF
9.290,1610,0.0,14.00,-0.15,0.0,1.079,1.000,1.082,22.81,OFF,OFF,0,5.5,5.5,372.93,3.14,5.50,4.091,70.9,28.0,13.26,2.80,0.0,1.26,2.99,0.0,OFF,ON,OFF,0,ON,OFF,0.000,18.21,0.1,0.0,11,48,3.5,0.0,1,OFF,ON,0.0,0.0,0.0,0,0.0,OFF,OFF,OFF,OFF,OFF,ON,OFF
9.330,1589,0.0,14.00,-0.15,0.0,1.078,1.000,1.076,23.02,OFF,OFF,0,5.4,5.4,374.28,3.13,5.49,4.100,70.9,28.0,13.23,2.80,0.0,1.11,2.98,0.0,OFF,ON,OFF,0,ON,OFF,0.000,18.21,0.1,0.0,11,48,3.5,0.0,1,OFF,ON,0.0,0.0,0.0,0,0.0,OFF,OFF,OFF,OFF,OFF,ON,OFF
9.370,1467,0.0,14.00,-0.15,0.0,1.086,1.000,1.080,23.24,OFF,OFF,0,5.0,5.0,382.94,3.14,5.05,4.101,70.9,28.0,13.26,2.80,0.0,1.17,3.00,0.0,OFF,ON,OFF,0,ON,OFF,0.000,18.21,0.1,0.0,9,48,3.5,0.0,1,OFF,ON,0.0,0.0,0.0,0,0.0,OFF,OFF,OFF,OFF,OFF,ON,OFF
9.410,1560,0.0,14.00,-0.15,0.0,1.080,1.000,1.081,23.67,OFF,OFF,0,5.3,5.3,377.09,3.13,5.36,4.111,71.0,28.0,13.23,2.80,0.0,1.17,2.98,0.0,OFF,ON,OFF,0,ON,OFF,0.000,18.21,0.1,0.0,11,48,3.5,0.0,1,OFF,ON,0.0,0.0,0.0,0,0.0,OFF,OFF,OFF,OFF,OFF,ON,OFF
9.450,1489,0.0,14.00,-0.14,0.0,1.064,1.000,1.066,23.60,OFF,OFF,0,5.1,5.1,381.31,3.13,5.10,4.120,71.0,28.0,13.18,2.80,0.0,1.02,2.99,0.0,OFF,ON,OFF,0,ON,OFF,0.000,18.21,0.1,0.0,11,49,3.5,0.0,1,OFF,ON,0.0,0.0,0.0,0,0.0,OFF,OFF,OFF,OFF,OFF,ON,OFF
9.490,1337,0.0,14.00,-0.14,0.0,1.062,1.000,1.063,23.70,OFF,OFF,0,4.6,4.6,390.42,3.12,4.66,4.120,71.0,28.0,13.22,2.80,0.0,1.04,2.98,0.0,OFF,ON,OFF,0,ON,OFF,0.000,18.21,0.1,0.0,9,48,3.5,0.0,1,OFF,ON,0.0,0.0,0.0,0,0.0,OFF,OFF,OFF,OFF,OFF,ON,OFF
9.530,1546,0.0,14.00,-0.14,0.0,1.071,1.000,1.063,23.93,OFF,OFF,0,5.1,5.1,379.61,3.14,5.22,4.120,71.0,28.0,13.28,2.80,0.0,1.25,2.99,0.0,OFF,ON,OFF,0,ON,OFF,0.000,18.21,0.1,0.0,11,48,3.5,0.0,1,OFF,ON,0.0,0.0,0.0,0,0.0,OFF,OFF,OFF,OFF,OFF,ON,OFF
9.570,1625,0.0,14.00,-0.15,0.0,1.081,1.000,1.073,24.25,OFF,OFF,0,5.5,5.5,372.76,3.13,5.59,4.131,71.0,28.0,13.23,2.80,0.0,1.19,2.98,0.0,OFF,ON,OFF,0,ON,OFF,0.000,18.21,0.1,0.0,11,48,3.5,0.0,1,OFF,ON,0.0,0.0,0.0,0,0.0,OFF,OFF,OFF,OFF,OFF,ON,OFF
9.610,1424,0.0,14.00,-0.14,0.0,1.085,1.000,1.083,24.78,OFF,OFF,0,4.8,4.8,385.41,3.13,4.92,4.140,71.0,28.0,13.20,2.80,0.0,1.04,2.99,0.0,OFF,ON,OFF,0,ON,OFF,0.000,18.21,0.1,0.0,9,48,3.5,0.0,1,OFF,ON,0.0,0.0,0.0,0,0.0,OFF,OFF,OFF,OFF,OFF,ON,OFF
9.650,1404,0.0,14.00,-0.15,0.0,1.089,1.000,1.086,25.10,OFF,OFF,0,4.8,4.8,386.93,3.13,4.90,4.150,71.0,28.0,13.23,2.80,0.0,1.07,2.99,0.0,OFF,ON,OFF,0,ON,OFF,0.000,18.21,0.1,0.0,9,49,3.5,0.0,1,OFF,ON,0.0,0.0,0.0,0,0.0,OFF,OFF,OFF,OFF,OFF,ON,OFF
9.690,1502,0.0,14.00,-0.15,0.0,1.091,1.000,1.088,25.31,OFF,OFF,0,5.2,5.2,380.77,3.15,5.25,4.159,71.0,28.0,13.26,2.80,0.0,1.18,3.00,0.0,OFF,ON,OFF,0,ON,OFF,0.000,18.21,0.1,0.0,11,49,3.5,0.0,1,OFF,ON,0.0,0.0,0.0,0,0.0,OFF,OFF,OFF,OFF,OFF,ON,OFF
9.730,1401,0.0,14.00,-0.15,0.0,1.092,1.000,1.091,25.63,OFF,OFF,0,5.2,5.2,380.15,3.14,5.29,4.169,71.0,28.0,13.18,2.80,0.0,1.07,2.98,0.0,OFF,ON,OFF,0,ON,OFF,0.000,18.21,0.1,0.0,11,49,3.5,0.0,1,OFF,ON,0.0,0.0,0.0,0,0.0,OFF,OFF,OFF,OFF,OFF,ON,OFF
9.770,1371,0.0,14.00,-0.15,0.0,1.091,1.000,1.092,26.08,OFF,OFF,0,4.7,4.7,388.19,3.15,4.80,4.180,71.0,28.0,13.13,2.80,0.0,0.94,3.00,0.0,OFF,ON,OFF,0,ON,OFF,0.000,18.21,0.1,0.0,9,48,3.5,0.0,1,OFF,ON,0.0,0.0,0.0,0,0.0,OFF,OFF,OFF,OFF,OFF,ON,OFF
9.810,1271,0.0,14.00,-0.13,0.0,1.086,1.000,1.087,26.19,OFF,OFF,0,4.4,4.4,395.43,3.13,4.41,4.180,71.0,28.0,13.15,2.80,0.0,0.95,2.99,0.0,OFF,ON,OFF,0,ON,OFF,0.000,18.21,0.1,0.0,9,49,3.5,0.0,1,OFF,ON,0.0,0.0,0.0,0,0.0,OFF,OFF,OFF,OFF,OFF,ON,OFF
9.850,1385,0.0,14.00,-0.13,0.0,1.079,1.000,1.082,26.40,OFF,OFF,0,4.8,4.8,388.49,3.14,4.79,4.180,71.0,28.0,13.23,2.80,0.0,1.09,3.01,0.0,OFF,ON,OFF,0,ON,OFF,0.000,18.21,0.1,0.0,9,49,3.5,0.0,1,OFF,ON,0.0,0.0,0.0,0,0.0,OFF,OFF,OFF,OFF,OFF,ON,OFF
9.890,1448,0.0,14.00,-0.14,0.0,1.074,1.000,1.078,26.51,OFF,OFF,0,5.0,5.0,384.24,3.12,5.09,4.190,71.0,28.0,13.18,2.80,0.0,1.06,2.99,0.0,OFF,ON,OFF,0,ON,OFF,0.000,18.21,0.1,0.0,9,49,3.5,0.0,1,OFF,ON,0.0,0.0,0.0,0,0.0,OFF,OFF,OFF,OFF,OFF,ON,OFF
9.930,1306,0.0,14.00,-0.15,0.0,1.079,1.000,1.077,26.74,OFF,OFF,0,4.6,4.6,392.37,3.15,4.66,4.200,71.0,28.0,13.14,2.80,0.0,0.94,3.00,0.0,OFF,ON,OFF,0,ON,OFF,0.000,18.21,0.1,0.0,9,49,3.5,0.0,1,OFF,ON,0.0,0.0,0.0,0,0.0,OFF,OFF,OFF,OFF,OFF,ON,OFF
9.970,1302,0.0,14.00,-0.15,0.0,1.075,1.000,1.078,27.18,OFF,OFF,0,4.5,4.5,393.49,3.14,4.60,4.201,71.0,28.0,13.15,2.80,0.0,0.93,3.00,0.0,OFF,ON,OFF,0,ON,OFF,0.000,18.21,0.1,0.0,9,49,3.5,0.0,1,OFF,ON,0.0,0.0,0.0,0,0.0,OFF,OFF,OFF,OFF,OFF,ON,OFF
